index	name	abbreviation	r	g	b	a
0	Unknown	Unknown	0	0	0	0
1	Left-Cerebral-Exterior	Left-Cerebral-Exterior	70	130	180	0
2	Left-Cerebral-White-Matter	Left-Cerebral-White-Matter	245	245	245	0
3	Left-Cerebral-Cortex	Left-Cerebral-Cortex	205	62	78	0
4	Left-Lateral-Ventricle	Left-Lateral-Ventricle	120	18	134	0
5	Left-Inf-Lat-Vent	Left-Inf-Lat-Vent	196	58	250	0
6	Left-Cerebellum-Exterior	Left-Cerebellum-Exterior	0	148	0	0
7	Left-Cerebellum-White-Matter	Left-Cerebellum-White-Matter	220	248	164	0
8	Left-Cerebellum-Cortex	Left-Cerebellum-Cortex	230	148	34	0
9	Left-Thalamus	Left-Thalamus	0	118	14	0
10	Left-Thalamus-Proper*	Left-Thalamus-Proper*	0	118	14	0
11	Left-Caudate	Left-Caudate	122	186	220	0
12	Left-Putamen	Left-Putamen	236	13	176	0
13	Left-Pallidum	Left-Pallidum	12	48	255	0
14	3rd-Ventricle	3rd-Ventricle	204	182	142	0
15	4th-Ventricle	4th-Ventricle	42	204	164	0
16	Brain-Stem	Brain-Stem	119	159	176	0
17	Left-Hippocampus	Left-Hippocampus	220	216	20	0
18	Left-Amygdala	Left-Amygdala	103	255	255	0
19	Left-Insula	Left-Insula	80	196	98	0
20	Left-Operculum	Left-Operculum	60	58	210	0
21	Line-1	Line-1	60	58	210	0
22	Line-2	Line-2	60	58	210	0
23	Line-3	Line-3	60	58	210	0
24	CSF	CSF	60	60	60	0
25	Left-Lesion	Left-Lesion	255	165	0	0
26	Left-Accumbens-area	Left-Accumbens-area	255	165	0	0
27	Left-Substancia-Nigra	Left-Substancia-Nigra	0	255	127	0
28	Left-VentralDC	Left-VentralDC	165	42	42	0
29	Left-undetermined	Left-undetermined	135	206	235	0
30	Left-vessel	Left-vessel	160	32	240	0
31	Left-choroid-plexus	Left-choroid-plexus	0	200	200	0
32	Left-F3orb	Left-F3orb	100	50	100	0
33	Left-lOg	Left-lOg	135	50	74	0
34	Left-aOg	Left-aOg	122	135	50	0
35	Left-mOg	Left-mOg	51	50	135	0
36	Left-pOg	Left-pOg	74	155	60	0
37	Left-Stellate	Left-Stellate	120	62	43	0
38	Left-Porg	Left-Porg	74	155	60	0
39	Left-Aorg	Left-Aorg	122	135	50	0
40	Right-Cerebral-Exterior	Right-Cerebral-Exterior	70	130	180	0
41	Right-Cerebral-White-Matter	Right-Cerebral-White-Matter	245	245	245	0
42	Right-Cerebral-Cortex	Right-Cerebral-Cortex	205	62	78	0
43	Right-Lateral-Ventricle	Right-Lateral-Ventricle	120	18	134	0
44	Right-Inf-Lat-Vent	Right-Inf-Lat-Vent	196	58	250	0
45	Right-Cerebellum-Exterior	Right-Cerebellum-Exterior	0	148	0	0
46	Right-Cerebellum-White-Matter	Right-Cerebellum-White-Matter	220	248	164	0
47	Right-Cerebellum-Cortex	Right-Cerebellum-Cortex	230	148	34	0
48	Right-Thalamus	Right-Thalamus	0	118	14	0
49	Right-Thalamus-Proper*	Right-Thalamus-Proper*	0	118	14	0
50	Right-Caudate	Right-Caudate	122	186	220	0
51	Right-Putamen	Right-Putamen	236	13	176	0
52	Right-Pallidum	Right-Pallidum	13	48	255	0
53	Right-Hippocampus	Right-Hippocampus	220	216	20	0
54	Right-Amygdala	Right-Amygdala	103	255	255	0
55	Right-Insula	Right-Insula	80	196	98	0
56	Right-Operculum	Right-Operculum	60	58	210	0
57	Right-Lesion	Right-Lesion	255	165	0	0
58	Right-Accumbens-area	Right-Accumbens-area	255	165	0	0
59	Right-Substancia-Nigra	Right-Substancia-Nigra	0	255	127	0
60	Right-VentralDC	Right-VentralDC	165	42	42	0
61	Right-undetermined	Right-undetermined	135	206	235	0
62	Right-vessel	Right-vessel	160	32	240	0
63	Right-choroid-plexus	Right-choroid-plexus	0	200	221	0
64	Right-F3orb	Right-F3orb	100	50	100	0
65	Right-lOg	Right-lOg	135	50	74	0
66	Right-aOg	Right-aOg	122	135	50	0
67	Right-mOg	Right-mOg	51	50	135	0
68	Right-pOg	Right-pOg	74	155	60	0
69	Right-Stellate	Right-Stellate	120	62	43	0
70	Right-Porg	Right-Porg	74	155	60	0
71	Right-Aorg	Right-Aorg	122	135	50	0
72	5th-Ventricle	5th-Ventricle	120	190	150	0
73	Left-Interior	Left-Interior	122	135	50	0
74	Right-Interior	Right-Interior	122	135	50	0
77	WM-hypointensities	WM-hypointensities	200	70	255	0
78	Left-WM-hypointensities	Left-WM-hypointensities	255	148	10	0
79	Right-WM-hypointensities	Right-WM-hypointensities	255	148	10	0
80	non-WM-hypointensities	non-WM-hypointensities	164	108	226	0
81	Left-non-WM-hypointensities	Left-non-WM-hypointensities	164	108	226	0
82	Right-non-WM-hypointensities	Right-non-WM-hypointensities	164	108	226	0
83	Left-F1	Left-F1	255	218	185	0
84	Right-F1	Right-F1	255	218	185	0
85	Optic-Chiasm	Optic-Chiasm	234	169	30	0
192	Corpus_Callosum	Corpus_Callosum	250	255	50	0
86	Left_future_WMSA	Left_future_WMSA	200	120	255	0
87	Right_future_WMSA	Right_future_WMSA	200	121	255	0
88	future_WMSA	future_WMSA	200	122	255	0
96	Left-Amygdala-Anterior	Left-Amygdala-Anterior	205	10	125	0
97	Right-Amygdala-Anterior	Right-Amygdala-Anterior	205	10	125	0
98	Dura	Dura	160	32	240	0
100	Left-wm-intensity-abnormality	Left-wm-intensity-abnormality	124	140	178	0
101	Left-caudate-intensity-abnormality	Left-caudate-intensity-abnormality	125	140	178	0
102	Left-putamen-intensity-abnormality	Left-putamen-intensity-abnormality	126	140	178	0
103	Left-accumbens-intensity-abnormality	Left-accumbens-intensity-abnormality	127	140	178	0
104	Left-pallidum-intensity-abnormality	Left-pallidum-intensity-abnormality	124	141	178	0
105	Left-amygdala-intensity-abnormality	Left-amygdala-intensity-abnormality	124	142	178	0
106	Left-hippocampus-intensity-abnormality	Left-hippocampus-intensity-abnormality	124	143	178	0
107	Left-thalamus-intensity-abnormality	Left-thalamus-intensity-abnormality	124	144	178	0
108	Left-VDC-intensity-abnormality	Left-VDC-intensity-abnormality	124	140	179	0
109	Right-wm-intensity-abnormality	Right-wm-intensity-abnormality	124	140	178	0
110	Right-caudate-intensity-abnormality	Right-caudate-intensity-abnormality	125	140	178	0
111	Right-putamen-intensity-abnormality	Right-putamen-intensity-abnormality	126	140	178	0
112	Right-accumbens-intensity-abnormality	Right-accumbens-intensity-abnormality	127	140	178	0
113	Right-pallidum-intensity-abnormality	Right-pallidum-intensity-abnormality	124	141	178	0
114	Right-amygdala-intensity-abnormality	Right-amygdala-intensity-abnormality	124	142	178	0
115	Right-hippocampus-intensity-abnormality	Right-hippocampus-intensity-abnormality	124	143	178	0
116	Right-thalamus-intensity-abnormality	Right-thalamus-intensity-abnormality	124	144	178	0
117	Right-VDC-intensity-abnormality	Right-VDC-intensity-abnormality	124	140	179	0
118	Epidermis	Epidermis	255	20	147	0
119	Conn-Tissue	Conn-Tissue	205	179	139	0
120	SC-Fat-Muscle	SC-Fat-Muscle	238	238	209	0
121	Cranium	Cranium	200	200	200	0
122	CSF-SA	CSF-SA	74	255	74	0
123	Muscle	Muscle	238	0	0	0
124	Ear	Ear	0	0	139	0
125	Adipose	Adipose	173	255	47	0
126	Spinal-Cord	Spinal-Cord	133	203	229	0
127	Soft-Tissue	Soft-Tissue	26	237	57	0
128	Nerve	Nerve	34	139	34	0
129	Bone	Bone	30	144	255	0
130	Air	Air	147	19	173	0
131	Orbital-Fat	Orbital-Fat	238	59	59	0
132	Tongue	Tongue	221	39	200	0
133	Nasal-Structures	Nasal-Structures	238	174	238	0
134	Globe	Globe	255	0	0	0
135	Teeth	Teeth	72	61	139	0
136	Left-Caudate-Putamen	Left-Caudate-Putamen	21	39	132	0
137	Right-Caudate-Putamen	Right-Caudate-Putamen	21	39	132	0
138	Left-Claustrum	Left-Claustrum	65	135	20	0
139	Right-Claustrum	Right-Claustrum	65	135	20	0
140	Cornea	Cornea	134	4	160	0
142	Diploe	Diploe	221	226	68	0
143	Vitreous-Humor	Vitreous-Humor	255	255	254	0
144	Lens	Lens	52	209	226	0
145	Aqueous-Humor	Aqueous-Humor	239	160	223	0
146	Outer-Table	Outer-Table	70	130	180	0
147	Inner-Table	Inner-Table	70	130	181	0
148	Periosteum	Periosteum	139	121	94	0
149	Endosteum	Endosteum	224	224	224	0
150	R-C-S	R-C-S	255	0	0	0
151	Iris	Iris	205	205	0	0
152	SC-Adipose-Muscle	SC-Adipose-Muscle	238	238	209	0
153	SC-Tissue	SC-Tissue	139	121	94	0
154	Orbital-Adipose	Orbital-Adipose	238	59	59	0
155	Left-IntCapsule-Ant	Left-IntCapsule-Ant	238	59	59	0
156	Right-IntCapsule-Ant	Right-IntCapsule-Ant	238	59	59	0
157	Left-IntCapsule-Pos	Left-IntCapsule-Pos	62	10	205	0
158	Right-IntCapsule-Pos	Right-IntCapsule-Pos	62	10	205	0
159	Left-Cerebral-WM-unmyelinated	Left-Cerebral-WM-unmyelinated	0	118	14	0
160	Right-Cerebral-WM-unmyelinated	Right-Cerebral-WM-unmyelinated	0	118	14	0
161	Left-Cerebral-WM-myelinated	Left-Cerebral-WM-myelinated	220	216	21	0
162	Right-Cerebral-WM-myelinated	Right-Cerebral-WM-myelinated	220	216	21	0
163	Left-Subcortical-Gray-Matter	Left-Subcortical-Gray-Matter	122	186	220	0
164	Right-Subcortical-Gray-Matter	Right-Subcortical-Gray-Matter	122	186	220	0
165	Skull	Skull	120	120	120	0
166	Posterior-fossa	Posterior-fossa	14	48	255	0
167	Scalp	Scalp	166	42	42	0
168	Hematoma	Hematoma	121	18	134	0
169	Left-Basal-Ganglia	Left-Basal-Ganglia	236	13	127	0
176	Right-Basal-Ganglia	Right-Basal-Ganglia	236	13	126	0
170	brainstem	brainstem	119	159	176	0
171	DCG	DCG	119	0	176	0
172	Vermis	Vermis	119	100	176	0
173	Midbrain	Midbrain	242	104	76	0
174	Pons	Pons	206	195	58	0
175	Medulla	Medulla	119	159	176	0
177	Vermis-White-Matter	Vermis-White-Matter	119	50	176	0
178	SCP	SCP	142	182	0	0
179	Floculus	Floculus	19	100	176	0
180	Left-Cortical-Dysplasia	Left-Cortical-Dysplasia	73	61	139	0
181	Right-Cortical-Dysplasia	Right-Cortical-Dysplasia	73	62	139	0
182	CblumNodulus	CblumNodulus	10	100	176	0
193	Left-hippocampal_fissure	Left-hippocampal_fissure	0	196	255	0
194	Left-CADG-head	Left-CADG-head	255	164	164	0
195	Left-subiculum	Left-subiculum	196	196	0	0
196	Left-fimbria	Left-fimbria	0	100	255	0
197	Right-hippocampal_fissure	Right-hippocampal_fissure	128	196	164	0
198	Right-CADG-head	Right-CADG-head	0	126	75	0
199	Right-subiculum	Right-subiculum	128	96	64	0
200	Right-fimbria	Right-fimbria	0	50	128	0
201	alveus	alveus	255	204	153	0
202	perforant_pathway	perforant_pathway	255	128	128	0
203	parasubiculum	parasubiculum	255	255	0	0
204	presubiculum	presubiculum	64	0	64	0
205	subiculum	subiculum	0	0	255	0
206	CA1	CA1	255	0	0	0
207	CA2	CA2	128	128	255	0
208	CA3	CA3	0	128	0	0
209	CA4	CA4	196	160	128	0
210	GC-DG	GC-DG	32	200	255	0
211	HATA	HATA	128	255	128	0
212	fimbria	fimbria	204	153	204	0
213	lateral_ventricle	lateral_ventricle	121	17	136	0
214	molecular_layer_HP	molecular_layer_HP	128	0	0	0
215	hippocampal_fissure	hippocampal_fissure	128	32	255	0
216	entorhinal_cortex	entorhinal_cortex	255	204	102	0
217	molecular_layer_subiculum	molecular_layer_subiculum	128	128	128	0
218	Amygdala	Amygdala	104	255	255	0
219	Cerebral_White_Matter	Cerebral_White_Matter	0	226	0	0
220	Cerebral_Cortex	Cerebral_Cortex	205	63	78	0
221	Inf_Lat_Vent	Inf_Lat_Vent	197	58	250	0
222	Perirhinal	Perirhinal	33	150	250	0
223	Cerebral_White_Matter_Edge	Cerebral_White_Matter_Edge	226	0	0	0
224	Background	Background	100	100	100	0
225	Ectorhinal	Ectorhinal	197	150	250	0
226	HP_tail	HP_tail	170	170	255	0
250	Fornix	Fornix	255	0	0	0
251	CC_Posterior	CC_Posterior	0	0	64	0
252	CC_Mid_Posterior	CC_Mid_Posterior	0	0	112	0
253	CC_Central	CC_Central	0	0	160	0
254	CC_Mid_Anterior	CC_Mid_Anterior	0	0	208	0
255	CC_Anterior	CC_Anterior	0	0	255	0
256	Voxel-Unchanged	Voxel-Unchanged	0	0	0	0
257	CSF-ExtraCerebral	CSF-ExtraCerebral	60	60	60	0
258	Head-ExtraCerebral	Head-ExtraCerebral	150	150	200	0
259	SkullApprox	SkullApprox	120	120	120	0
260	BoneOrAir	BoneOrAir	119	159	176	0
261	PossibleFluid	PossibleFluid	120	18	134	0
262	Sinus	Sinus	119	159	176	0
263	Left-Eustachian	Left-Eustachian	119	159	176	0
264	Right-Eustachian	Right-Eustachian	119	159	176	0
331	Aorta	Aorta	255	0	0	0
332	Left-Common-IliacA	Left-Common-IliacA	255	80	0	0
333	Right-Common-IliacA	Right-Common-IliacA	255	160	0	0
334	Left-External-IliacA	Left-External-IliacA	255	255	0	0
335	Right-External-IliacA	Right-External-IliacA	0	255	0	0
336	Left-Internal-IliacA	Left-Internal-IliacA	255	0	160	0
337	Right-Internal-IliacA	Right-Internal-IliacA	255	0	255	0
338	Left-Lateral-SacralA	Left-Lateral-SacralA	255	50	80	0
339	Right-Lateral-SacralA	Right-Lateral-SacralA	80	255	50	0
340	Left-ObturatorA	Left-ObturatorA	160	255	50	0
341	Right-ObturatorA	Right-ObturatorA	160	200	255	0
342	Left-Internal-PudendalA	Left-Internal-PudendalA	0	255	160	0
343	Right-Internal-PudendalA	Right-Internal-PudendalA	0	0	255	0
344	Left-UmbilicalA	Left-UmbilicalA	80	50	255	0
345	Right-UmbilicalA	Right-UmbilicalA	160	0	255	0
346	Left-Inf-RectalA	Left-Inf-RectalA	255	210	0	0
347	Right-Inf-RectalA	Right-Inf-RectalA	0	160	255	0
348	Left-Common-IliacV	Left-Common-IliacV	255	200	80	0
349	Right-Common-IliacV	Right-Common-IliacV	255	200	160	0
350	Left-External-IliacV	Left-External-IliacV	255	80	200	0
351	Right-External-IliacV	Right-External-IliacV	255	160	200	0
352	Left-Internal-IliacV	Left-Internal-IliacV	30	255	80	0
353	Right-Internal-IliacV	Right-Internal-IliacV	80	200	255	0
354	Left-ObturatorV	Left-ObturatorV	80	255	200	0
355	Right-ObturatorV	Right-ObturatorV	195	255	200	0
356	Left-Internal-PudendalV	Left-Internal-PudendalV	120	200	20	0
357	Right-Internal-PudendalV	Right-Internal-PudendalV	170	10	200	0
358	Pos-Lymph	Pos-Lymph	20	130	180	0
359	Neg-Lymph	Neg-Lymph	20	180	130	0
400	V1	V1	206	62	78	0
401	V2	V2	121	18	134	0
402	BA44	BA44	199	58	250	0
403	BA45	BA45	1	148	0	0
404	BA4a	BA4a	221	248	164	0
405	BA4p	BA4p	231	148	34	0
406	BA6	BA6	1	118	14	0
407	BA2	BA2	120	118	14	0
408	BA1_old	BA1_old	123	186	221	0
409	BAun2	BAun2	238	13	177	0
410	BA1	BA1	123	186	220	0
411	BA2b	BA2b	138	13	206	0
412	BA3a	BA3a	238	130	176	0
413	BA3b	BA3b	218	230	76	0
414	MT	MT	38	213	176	0
415	AIPS_AIP_l	AIPS_AIP_l	1	225	176	0
416	AIPS_AIP_r	AIPS_AIP_r	1	225	176	0
417	AIPS_VIP_l	AIPS_VIP_l	200	2	100	0
418	AIPS_VIP_r	AIPS_VIP_r	200	2	100	0
419	IPL_PFcm_l	IPL_PFcm_l	5	200	90	0
420	IPL_PFcm_r	IPL_PFcm_r	5	200	90	0
421	IPL_PF_l	IPL_PF_l	100	5	200	0
422	IPL_PFm_l	IPL_PFm_l	25	255	100	0
423	IPL_PFm_r	IPL_PFm_r	25	255	100	0
424	IPL_PFop_l	IPL_PFop_l	230	7	100	0
425	IPL_PFop_r	IPL_PFop_r	230	7	100	0
426	IPL_PF_r	IPL_PF_r	100	5	200	0
427	IPL_PFt_l	IPL_PFt_l	150	10	200	0
428	IPL_PFt_r	IPL_PFt_r	150	10	200	0
429	IPL_PGa_l	IPL_PGa_l	175	10	176	0
430	IPL_PGa_r	IPL_PGa_r	175	10	176	0
431	IPL_PGp_l	IPL_PGp_l	10	100	255	0
432	IPL_PGp_r	IPL_PGp_r	10	100	255	0
433	Visual_V3d_l	Visual_V3d_l	150	45	70	0
434	Visual_V3d_r	Visual_V3d_r	150	45	70	0
435	Visual_V4_l	Visual_V4_l	45	200	15	0
436	Visual_V4_r	Visual_V4_r	45	200	15	0
437	Visual_V5_b	Visual_V5_b	227	45	100	0
438	Visual_VP_l	Visual_VP_l	227	45	100	0
439	Visual_VP_r	Visual_VP_r	227	45	100	0
498	wmsa	wmsa	143	188	143	0
499	other_wmsa	other_wmsa	255	248	220	0
500	right_CA2_3	right_CA2_3	17	85	136	0
501	right_alveus	right_alveus	119	187	102	0
502	right_CA1	right_CA1	204	68	34	0
503	right_fimbria	right_fimbria	204	0	255	0
504	right_presubiculum	right_presubiculum	221	187	17	0
505	right_hippocampal_fissure	right_hippocampal_fissure	153	221	238	0
506	right_CA4_DG	right_CA4_DG	51	17	17	0
507	right_subiculum	right_subiculum	0	119	85	0
508	right_fornix	right_fornix	20	100	200	0
550	left_CA2_3	left_CA2_3	17	85	137	0
551	left_alveus	left_alveus	119	187	103	0
552	left_CA1	left_CA1	204	68	35	0
553	left_fimbria	left_fimbria	204	0	254	0
554	left_presubiculum	left_presubiculum	221	187	16	0
555	left_hippocampal_fissure	left_hippocampal_fissure	153	221	239	0
556	left_CA4_DG	left_CA4_DG	51	17	18	0
557	left_subiculum	left_subiculum	0	119	86	0
558	left_fornix	left_fornix	20	100	201	0
600	Tumor	Tumor	254	254	254	0
601	Cbm_Left_I_IV	Cbm_Left_I_IV	70	130	180	0
602	Cbm_Right_I_IV	Cbm_Right_I_IV	245	245	245	0
603	Cbm_Left_V	Cbm_Left_V	205	62	78	0
604	Cbm_Right_V	Cbm_Right_V	120	18	134	0
605	Cbm_Left_VI	Cbm_Left_VI	196	58	250	0
606	Cbm_Vermis_VI	Cbm_Vermis_VI	0	148	0	0
607	Cbm_Right_VI	Cbm_Right_VI	220	248	164	0
608	Cbm_Left_CrusI	Cbm_Left_CrusI	230	148	34	0
609	Cbm_Vermis_CrusI	Cbm_Vermis_CrusI	0	118	14	0
610	Cbm_Right_CrusI	Cbm_Right_CrusI	0	118	14	0
611	Cbm_Left_CrusII	Cbm_Left_CrusII	122	186	220	0
612	Cbm_Vermis_CrusII	Cbm_Vermis_CrusII	236	13	176	0
613	Cbm_Right_CrusII	Cbm_Right_CrusII	12	48	255	0
614	Cbm_Left_VIIb	Cbm_Left_VIIb	204	182	142	0
615	Cbm_Vermis_VIIb	Cbm_Vermis_VIIb	42	204	164	0
616	Cbm_Right_VIIb	Cbm_Right_VIIb	119	159	176	0
617	Cbm_Left_VIIIa	Cbm_Left_VIIIa	220	216	20	0
618	Cbm_Vermis_VIIIa	Cbm_Vermis_VIIIa	103	255	255	0
619	Cbm_Right_VIIIa	Cbm_Right_VIIIa	80	196	98	0
620	Cbm_Left_VIIIb	Cbm_Left_VIIIb	60	58	210	0
621	Cbm_Vermis_VIIIb	Cbm_Vermis_VIIIb	60	58	210	0
622	Cbm_Right_VIIIb	Cbm_Right_VIIIb	60	58	210	0
623	Cbm_Left_IX	Cbm_Left_IX	60	58	210	0
624	Cbm_Vermis_IX	Cbm_Vermis_IX	60	60	60	0
625	Cbm_Right_IX	Cbm_Right_IX	255	165	0	0
626	Cbm_Left_X	Cbm_Left_X	255	165	0	0
627	Cbm_Vermis_X	Cbm_Vermis_X	0	255	127	0
628	Cbm_Right_X	Cbm_Right_X	165	42	42	0
640	Cbm_Right_I_V_med	Cbm_Right_I_V_med	204	0	0	0
641	Cbm_Right_I_V_mid	Cbm_Right_I_V_mid	255	0	0	0
642	Cbm_Right_VI_med	Cbm_Right_VI_med	0	0	255	0
643	Cbm_Right_VI_mid	Cbm_Right_VI_mid	30	144	255	0
644	Cbm_Right_VI_lat	Cbm_Right_VI_lat	100	212	237	0
645	Cbm_Right_CrusI_med	Cbm_Right_CrusI_med	218	165	32	0
646	Cbm_Right_CrusI_mid	Cbm_Right_CrusI_mid	255	215	0	0
647	Cbm_Right_CrusI_lat	Cbm_Right_CrusI_lat	255	255	166	0
648	Cbm_Right_CrusII_med	Cbm_Right_CrusII_med	153	0	204	0
649	Cbm_Right_CrusII_mid	Cbm_Right_CrusII_mid	153	141	209	0
650	Cbm_Right_CrusII_lat	Cbm_Right_CrusII_lat	204	204	255	0
651	Cbm_Right_7med	Cbm_Right_7med	31	212	194	0
652	Cbm_Right_7mid	Cbm_Right_7mid	3	255	237	0
653	Cbm_Right_7lat	Cbm_Right_7lat	204	255	255	0
654	Cbm_Right_8med	Cbm_Right_8med	86	74	147	0
655	Cbm_Right_8mid	Cbm_Right_8mid	114	114	190	0
656	Cbm_Right_8lat	Cbm_Right_8lat	184	178	255	0
657	Cbm_Right_PUNs	Cbm_Right_PUNs	126	138	37	0
658	Cbm_Right_TONs	Cbm_Right_TONs	189	197	117	0
659	Cbm_Right_FLOs	Cbm_Right_FLOs	240	230	140	0
660	Cbm_Left_I_V_med	Cbm_Left_I_V_med	204	0	0	0
661	Cbm_Left_I_V_mid	Cbm_Left_I_V_mid	255	0	0	0
662	Cbm_Left_VI_med	Cbm_Left_VI_med	0	0	255	0
663	Cbm_Left_VI_mid	Cbm_Left_VI_mid	30	144	255	0
664	Cbm_Left_VI_lat	Cbm_Left_VI_lat	100	212	237	0
665	Cbm_Left_CrusI_med	Cbm_Left_CrusI_med	218	165	32	0
666	Cbm_Left_CrusI_mid	Cbm_Left_CrusI_mid	255	215	0	0
667	Cbm_Left_CrusI_lat	Cbm_Left_CrusI_lat	255	255	166	0
668	Cbm_Left_CrusII_med	Cbm_Left_CrusII_med	153	0	204	0
669	Cbm_Left_CrusII_mid	Cbm_Left_CrusII_mid	153	141	209	0
670	Cbm_Left_CrusII_lat	Cbm_Left_CrusII_lat	204	204	255	0
671	Cbm_Left_7med	Cbm_Left_7med	31	212	194	0
672	Cbm_Left_7mid	Cbm_Left_7mid	3	255	237	0
673	Cbm_Left_7lat	Cbm_Left_7lat	204	255	255	0
674	Cbm_Left_8med	Cbm_Left_8med	86	74	147	0
675	Cbm_Left_8mid	Cbm_Left_8mid	114	114	190	0
676	Cbm_Left_8lat	Cbm_Left_8lat	184	178	255	0
677	Cbm_Left_PUNs	Cbm_Left_PUNs	126	138	37	0
678	Cbm_Left_TONs	Cbm_Left_TONs	189	197	117	0
679	Cbm_Left_FLOs	Cbm_Left_FLOs	240	230	140	0
690	CbmWM_Gyri_Left	CbmWM_Gyri_Left	122	135	50	0
691	CbmWM_Gyri_Right	CbmWM_Gyri_Right	122	135	50	0
701	CSF-FSL-FAST	CSF-FSL-FAST	120	18	134	0
702	GrayMatter-FSL-FAST	GrayMatter-FSL-FAST	205	62	78	0
703	WhiteMatter-FSL-FAST	WhiteMatter-FSL-FAST	0	225	0	0
999	SUSPICIOUS	SUSPICIOUS	255	100	100	0
1000	ctx-lh-unknown	ctx-lh-unknown	25	5	25	0
1001	ctx-lh-bankssts	ctx-lh-bankssts	25	100	40	0
1002	ctx-lh-caudalanteriorcingulate	ctx-lh-caudalanteriorcingulate	125	100	160	0
1003	ctx-lh-caudalmiddlefrontal	ctx-lh-caudalmiddlefrontal	100	25	0	0
1004	ctx-lh-corpuscallosum	ctx-lh-corpuscallosum	120	70	50	0
1005	ctx-lh-cuneus	ctx-lh-cuneus	220	20	100	0
1006	ctx-lh-entorhinal	ctx-lh-entorhinal	220	20	10	0
1007	ctx-lh-fusiform	ctx-lh-fusiform	180	220	140	0
1008	ctx-lh-inferiorparietal	ctx-lh-inferiorparietal	220	60	220	0
1009	ctx-lh-inferiortemporal	ctx-lh-inferiortemporal	180	40	120	0
1010	ctx-lh-isthmuscingulate	ctx-lh-isthmuscingulate	140	20	140	0
1011	ctx-lh-lateraloccipital	ctx-lh-lateraloccipital	20	30	140	0
1012	ctx-lh-lateralorbitofrontal	ctx-lh-lateralorbitofrontal	35	75	50	0
1013	ctx-lh-lingual	ctx-lh-lingual	225	140	140	0
1014	ctx-lh-medialorbitofrontal	ctx-lh-medialorbitofrontal	200	35	75	0
1015	ctx-lh-middletemporal	ctx-lh-middletemporal	160	100	50	0
1016	ctx-lh-parahippocampal	ctx-lh-parahippocampal	20	220	60	0
1017	ctx-lh-paracentral	ctx-lh-paracentral	60	220	60	0
1018	ctx-lh-parsopercularis	ctx-lh-parsopercularis	220	180	140	0
1019	ctx-lh-parsorbitalis	ctx-lh-parsorbitalis	20	100	50	0
1020	ctx-lh-parstriangularis	ctx-lh-parstriangularis	220	60	20	0
1021	ctx-lh-pericalcarine	ctx-lh-pericalcarine	120	100	60	0
1022	ctx-lh-postcentral	ctx-lh-postcentral	220	20	20	0
1023	ctx-lh-posteriorcingulate	ctx-lh-posteriorcingulate	220	180	220	0
1024	ctx-lh-precentral	ctx-lh-precentral	60	20	220	0
1025	ctx-lh-precuneus	ctx-lh-precuneus	160	140	180	0
1026	ctx-lh-rostralanteriorcingulate	ctx-lh-rostralanteriorcingulate	80	20	140	0
1027	ctx-lh-rostralmiddlefrontal	ctx-lh-rostralmiddlefrontal	75	50	125	0
1028	ctx-lh-superiorfrontal	ctx-lh-superiorfrontal	20	220	160	0
1029	ctx-lh-superiorparietal	ctx-lh-superiorparietal	20	180	140	0
1030	ctx-lh-superiortemporal	ctx-lh-superiortemporal	140	220	220	0
1031	ctx-lh-supramarginal	ctx-lh-supramarginal	80	160	20	0
1032	ctx-lh-frontalpole	ctx-lh-frontalpole	100	0	100	0
1033	ctx-lh-temporalpole	ctx-lh-temporalpole	70	70	70	0
1034	ctx-lh-transversetemporal	ctx-lh-transversetemporal	150	150	200	0
1035	ctx-lh-insula	ctx-lh-insula	255	192	32	0
2000	ctx-rh-unknown	ctx-rh-unknown	25	5	25	0
2001	ctx-rh-bankssts	ctx-rh-bankssts	25	100	40	0
2002	ctx-rh-caudalanteriorcingulate	ctx-rh-caudalanteriorcingulate	125	100	160	0
2003	ctx-rh-caudalmiddlefrontal	ctx-rh-caudalmiddlefrontal	100	25	0	0
2004	ctx-rh-corpuscallosum	ctx-rh-corpuscallosum	120	70	50	0
2005	ctx-rh-cuneus	ctx-rh-cuneus	220	20	100	0
2006	ctx-rh-entorhinal	ctx-rh-entorhinal	220	20	10	0
2007	ctx-rh-fusiform	ctx-rh-fusiform	180	220	140	0
2008	ctx-rh-inferiorparietal	ctx-rh-inferiorparietal	220	60	220	0
2009	ctx-rh-inferiortemporal	ctx-rh-inferiortemporal	180	40	120	0
2010	ctx-rh-isthmuscingulate	ctx-rh-isthmuscingulate	140	20	140	0
2011	ctx-rh-lateraloccipital	ctx-rh-lateraloccipital	20	30	140	0
2012	ctx-rh-lateralorbitofrontal	ctx-rh-lateralorbitofrontal	35	75	50	0
2013	ctx-rh-lingual	ctx-rh-lingual	225	140	140	0
2014	ctx-rh-medialorbitofrontal	ctx-rh-medialorbitofrontal	200	35	75	0
2015	ctx-rh-middletemporal	ctx-rh-middletemporal	160	100	50	0
2016	ctx-rh-parahippocampal	ctx-rh-parahippocampal	20	220	60	0
2017	ctx-rh-paracentral	ctx-rh-paracentral	60	220	60	0
2018	ctx-rh-parsopercularis	ctx-rh-parsopercularis	220	180	140	0
2019	ctx-rh-parsorbitalis	ctx-rh-parsorbitalis	20	100	50	0
2020	ctx-rh-parstriangularis	ctx-rh-parstriangularis	220	60	20	0
2021	ctx-rh-pericalcarine	ctx-rh-pericalcarine	120	100	60	0
2022	ctx-rh-postcentral	ctx-rh-postcentral	220	20	20	0
2023	ctx-rh-posteriorcingulate	ctx-rh-posteriorcingulate	220	180	220	0
2024	ctx-rh-precentral	ctx-rh-precentral	60	20	220	0
2025	ctx-rh-precuneus	ctx-rh-precuneus	160	140	180	0
2026	ctx-rh-rostralanteriorcingulate	ctx-rh-rostralanteriorcingulate	80	20	140	0
2027	ctx-rh-rostralmiddlefrontal	ctx-rh-rostralmiddlefrontal	75	50	125	0
2028	ctx-rh-superiorfrontal	ctx-rh-superiorfrontal	20	220	160	0
2029	ctx-rh-superiorparietal	ctx-rh-superiorparietal	20	180	140	0
2030	ctx-rh-superiortemporal	ctx-rh-superiortemporal	140	220	220	0
2031	ctx-rh-supramarginal	ctx-rh-supramarginal	80	160	20	0
2032	ctx-rh-frontalpole	ctx-rh-frontalpole	100	0	100	0
2033	ctx-rh-temporalpole	ctx-rh-temporalpole	70	70	70	0
2034	ctx-rh-transversetemporal	ctx-rh-transversetemporal	150	150	200	0
2035	ctx-rh-insula	ctx-rh-insula	255	192	32	0
3000	wm-lh-unknown	wm-lh-unknown	230	250	230	0
3001	wm-lh-bankssts	wm-lh-bankssts	230	155	215	0
3002	wm-lh-caudalanteriorcingulate	wm-lh-caudalanteriorcingulate	130	155	95	0
3003	wm-lh-caudalmiddlefrontal	wm-lh-caudalmiddlefrontal	155	230	255	0
3004	wm-lh-corpuscallosum	wm-lh-corpuscallosum	135	185	205	0
3005	wm-lh-cuneus	wm-lh-cuneus	35	235	155	0
3006	wm-lh-entorhinal	wm-lh-entorhinal	35	235	245	0
3007	wm-lh-fusiform	wm-lh-fusiform	75	35	115	0
3008	wm-lh-inferiorparietal	wm-lh-inferiorparietal	35	195	35	0
3009	wm-lh-inferiortemporal	wm-lh-inferiortemporal	75	215	135	0
3010	wm-lh-isthmuscingulate	wm-lh-isthmuscingulate	115	235	115	0
3011	wm-lh-lateraloccipital	wm-lh-lateraloccipital	235	225	115	0
3012	wm-lh-lateralorbitofrontal	wm-lh-lateralorbitofrontal	220	180	205	0
3013	wm-lh-lingual	wm-lh-lingual	30	115	115	0
3014	wm-lh-medialorbitofrontal	wm-lh-medialorbitofrontal	55	220	180	0
3015	wm-lh-middletemporal	wm-lh-middletemporal	95	155	205	0
3016	wm-lh-parahippocampal	wm-lh-parahippocampal	235	35	195	0
3017	wm-lh-paracentral	wm-lh-paracentral	195	35	195	0
3018	wm-lh-parsopercularis	wm-lh-parsopercularis	35	75	115	0
3019	wm-lh-parsorbitalis	wm-lh-parsorbitalis	235	155	205	0
3020	wm-lh-parstriangularis	wm-lh-parstriangularis	35	195	235	0
3021	wm-lh-pericalcarine	wm-lh-pericalcarine	135	155	195	0
3022	wm-lh-postcentral	wm-lh-postcentral	35	235	235	0
3023	wm-lh-posteriorcingulate	wm-lh-posteriorcingulate	35	75	35	0
3024	wm-lh-precentral	wm-lh-precentral	195	235	35	0
3025	wm-lh-precuneus	wm-lh-precuneus	95	115	75	0
3026	wm-lh-rostralanteriorcingulate	wm-lh-rostralanteriorcingulate	175	235	115	0
3027	wm-lh-rostralmiddlefrontal	wm-lh-rostralmiddlefrontal	180	205	130	0
3028	wm-lh-superiorfrontal	wm-lh-superiorfrontal	235	35	95	0
3029	wm-lh-superiorparietal	wm-lh-superiorparietal	235	75	115	0
3030	wm-lh-superiortemporal	wm-lh-superiortemporal	115	35	35	0
3031	wm-lh-supramarginal	wm-lh-supramarginal	175	95	235	0
3032	wm-lh-frontalpole	wm-lh-frontalpole	155	255	155	0
3033	wm-lh-temporalpole	wm-lh-temporalpole	185	185	185	0
3034	wm-lh-transversetemporal	wm-lh-transversetemporal	105	105	55	0
3035	wm-lh-insula	wm-lh-insula	20	220	160	0
4000	wm-rh-unknown	wm-rh-unknown	230	250	230	0
4001	wm-rh-bankssts	wm-rh-bankssts	230	155	215	0
4002	wm-rh-caudalanteriorcingulate	wm-rh-caudalanteriorcingulate	130	155	95	0
4003	wm-rh-caudalmiddlefrontal	wm-rh-caudalmiddlefrontal	155	230	255	0
4004	wm-rh-corpuscallosum	wm-rh-corpuscallosum	135	185	205	0
4005	wm-rh-cuneus	wm-rh-cuneus	35	235	155	0
4006	wm-rh-entorhinal	wm-rh-entorhinal	35	235	245	0
4007	wm-rh-fusiform	wm-rh-fusiform	75	35	115	0
4008	wm-rh-inferiorparietal	wm-rh-inferiorparietal	35	195	35	0
4009	wm-rh-inferiortemporal	wm-rh-inferiortemporal	75	215	135	0
4010	wm-rh-isthmuscingulate	wm-rh-isthmuscingulate	115	235	115	0
4011	wm-rh-lateraloccipital	wm-rh-lateraloccipital	235	225	115	0
4012	wm-rh-lateralorbitofrontal	wm-rh-lateralorbitofrontal	220	180	205	0
4013	wm-rh-lingual	wm-rh-lingual	30	115	115	0
4014	wm-rh-medialorbitofrontal	wm-rh-medialorbitofrontal	55	220	180	0
4015	wm-rh-middletemporal	wm-rh-middletemporal	95	155	205	0
4016	wm-rh-parahippocampal	wm-rh-parahippocampal	235	35	195	0
4017	wm-rh-paracentral	wm-rh-paracentral	195	35	195	0
4018	wm-rh-parsopercularis	wm-rh-parsopercularis	35	75	115	0
4019	wm-rh-parsorbitalis	wm-rh-parsorbitalis	235	155	205	0
4020	wm-rh-parstriangularis	wm-rh-parstriangularis	35	195	235	0
4021	wm-rh-pericalcarine	wm-rh-pericalcarine	135	155	195	0
4022	wm-rh-postcentral	wm-rh-postcentral	35	235	235	0
4023	wm-rh-posteriorcingulate	wm-rh-posteriorcingulate	35	75	35	0
4024	wm-rh-precentral	wm-rh-precentral	195	235	35	0
4025	wm-rh-precuneus	wm-rh-precuneus	95	115	75	0
4026	wm-rh-rostralanteriorcingulate	wm-rh-rostralanteriorcingulate	175	235	115	0
4027	wm-rh-rostralmiddlefrontal	wm-rh-rostralmiddlefrontal	180	205	130	0
4028	wm-rh-superiorfrontal	wm-rh-superiorfrontal	235	35	95	0
4029	wm-rh-superiorparietal	wm-rh-superiorparietal	235	75	115	0
4030	wm-rh-superiortemporal	wm-rh-superiortemporal	115	35	35	0
4031	wm-rh-supramarginal	wm-rh-supramarginal	175	95	235	0
4032	wm-rh-frontalpole	wm-rh-frontalpole	155	255	155	0
4033	wm-rh-temporalpole	wm-rh-temporalpole	185	185	185	0
4034	wm-rh-transversetemporal	wm-rh-transversetemporal	105	105	55	0
4035	wm-rh-insula	wm-rh-insula	20	220	160	0
3201	wm-lh-frontal-lobe	wm-lh-frontal-lobe	235	35	95	0
3203	wm-lh-cingulate-lobe	wm-lh-cingulate-lobe	35	75	35	0
3204	wm-lh-occiptal-lobe	wm-lh-occiptal-lobe	135	155	195	0
3205	wm-lh-temporal-lobe	wm-lh-temporal-lobe	115	35	35	0
3206	wm-lh-parietal-lobe	wm-lh-parietal-lobe	35	195	35	0
3207	wm-lh-insula-lobe	wm-lh-insula-lobe	20	220	160	0
4201	wm-rh-frontal-lobe	wm-rh-frontal-lobe	235	35	95	0
4203	wm-rh-cingulate-lobe	wm-rh-cingulate-lobe	35	75	35	0
4204	wm-rh-occiptal-lobe	wm-rh-occiptal-lobe	135	155	195	0
4205	wm-rh-temporal-lobe	wm-rh-temporal-lobe	115	35	35	0
4206	wm-rh-parietal-lobe	wm-rh-parietal-lobe	35	195	35	0
4207	wm-rh-insula-lobe	wm-rh-insula-lobe	20	220	160	0
1100	ctx-lh-Unknown	ctx-lh-Unknown	0	0	0	0
1101	ctx-lh-Corpus_callosum	ctx-lh-Corpus_callosum	50	50	50	0
1102	ctx-lh-G_and_S_Insula_ONLY_AVERAGE	ctx-lh-G_and_S_Insula_ONLY_AVERAGE	180	20	30	0
1103	ctx-lh-G_cingulate-Isthmus	ctx-lh-G_cingulate-Isthmus	60	25	25	0
1104	ctx-lh-G_cingulate-Main_part	ctx-lh-G_cingulate-Main_part	25	60	60	0
1200	ctx-lh-G_cingulate-caudal_ACC	ctx-lh-G_cingulate-caudal_ACC	25	60	61	0
1201	ctx-lh-G_cingulate-rostral_ACC	ctx-lh-G_cingulate-rostral_ACC	25	90	60	0
1202	ctx-lh-G_cingulate-posterior	ctx-lh-G_cingulate-posterior	25	120	60	0
1205	ctx-lh-S_cingulate-caudal_ACC	ctx-lh-S_cingulate-caudal_ACC	25	150	60	0
1206	ctx-lh-S_cingulate-rostral_ACC	ctx-lh-S_cingulate-rostral_ACC	25	180	60	0
1207	ctx-lh-S_cingulate-posterior	ctx-lh-S_cingulate-posterior	25	210	60	0
1210	ctx-lh-S_pericallosal-caudal	ctx-lh-S_pericallosal-caudal	25	150	90	0
1211	ctx-lh-S_pericallosal-rostral	ctx-lh-S_pericallosal-rostral	25	180	90	0
1212	ctx-lh-S_pericallosal-posterior	ctx-lh-S_pericallosal-posterior	25	210	90	0
1105	ctx-lh-G_cuneus	ctx-lh-G_cuneus	180	20	20	0
1106	ctx-lh-G_frontal_inf-Opercular_part	ctx-lh-G_frontal_inf-Opercular_part	220	20	100	0
1107	ctx-lh-G_frontal_inf-Orbital_part	ctx-lh-G_frontal_inf-Orbital_part	140	60	60	0
1108	ctx-lh-G_frontal_inf-Triangular_part	ctx-lh-G_frontal_inf-Triangular_part	180	220	140	0
1109	ctx-lh-G_frontal_middle	ctx-lh-G_frontal_middle	140	100	180	0
1110	ctx-lh-G_frontal_superior	ctx-lh-G_frontal_superior	180	20	140	0
1111	ctx-lh-G_frontomarginal	ctx-lh-G_frontomarginal	140	20	140	0
1112	ctx-lh-G_insular_long	ctx-lh-G_insular_long	21	10	10	0
1113	ctx-lh-G_insular_short	ctx-lh-G_insular_short	225	140	140	0
1114	ctx-lh-G_and_S_occipital_inferior	ctx-lh-G_and_S_occipital_inferior	23	60	180	0
1115	ctx-lh-G_occipital_middle	ctx-lh-G_occipital_middle	180	60	180	0
1116	ctx-lh-G_occipital_superior	ctx-lh-G_occipital_superior	20	220	60	0
1117	ctx-lh-G_occipit-temp_lat-Or_fusiform	ctx-lh-G_occipit-temp_lat-Or_fusiform	60	20	140	0
1118	ctx-lh-G_occipit-temp_med-Lingual_part	ctx-lh-G_occipit-temp_med-Lingual_part	220	180	140	0
1119	ctx-lh-G_occipit-temp_med-Parahippocampal_part	ctx-lh-G_occipit-temp_med-Parahippocampal_part	65	100	20	0
1120	ctx-lh-G_orbital	ctx-lh-G_orbital	220	60	20	0
1121	ctx-lh-G_paracentral	ctx-lh-G_paracentral	60	100	60	0
1122	ctx-lh-G_parietal_inferior-Angular_part	ctx-lh-G_parietal_inferior-Angular_part	20	60	220	0
1123	ctx-lh-G_parietal_inferior-Supramarginal_part	ctx-lh-G_parietal_inferior-Supramarginal_part	100	100	60	0
1124	ctx-lh-G_parietal_superior	ctx-lh-G_parietal_superior	220	180	220	0
1125	ctx-lh-G_postcentral	ctx-lh-G_postcentral	20	180	140	0
1126	ctx-lh-G_precentral	ctx-lh-G_precentral	60	140	180	0
1127	ctx-lh-G_precuneus	ctx-lh-G_precuneus	25	20	140	0
1128	ctx-lh-G_rectus	ctx-lh-G_rectus	20	60	100	0
1129	ctx-lh-G_subcallosal	ctx-lh-G_subcallosal	60	220	20	0
1130	ctx-lh-G_subcentral	ctx-lh-G_subcentral	60	20	220	0
1131	ctx-lh-G_temporal_inferior	ctx-lh-G_temporal_inferior	220	220	100	0
1132	ctx-lh-G_temporal_middle	ctx-lh-G_temporal_middle	180	60	60	0
1133	ctx-lh-G_temp_sup-G_temp_transv_and_interm_S	ctx-lh-G_temp_sup-G_temp_transv_and_interm_S	60	60	220	0
1134	ctx-lh-G_temp_sup-Lateral_aspect	ctx-lh-G_temp_sup-Lateral_aspect	220	60	220	0
1135	ctx-lh-G_temp_sup-Planum_polare	ctx-lh-G_temp_sup-Planum_polare	65	220	60	0
1136	ctx-lh-G_temp_sup-Planum_tempolare	ctx-lh-G_temp_sup-Planum_tempolare	25	140	20	0
1137	ctx-lh-G_and_S_transverse_frontopolar	ctx-lh-G_and_S_transverse_frontopolar	13	0	250	0
1138	ctx-lh-Lat_Fissure-ant_sgt-ramus_horizontal	ctx-lh-Lat_Fissure-ant_sgt-ramus_horizontal	61	20	220	0
1139	ctx-lh-Lat_Fissure-ant_sgt-ramus_vertical	ctx-lh-Lat_Fissure-ant_sgt-ramus_vertical	61	20	60	0
1140	ctx-lh-Lat_Fissure-post_sgt	ctx-lh-Lat_Fissure-post_sgt	61	60	100	0
1141	ctx-lh-Medial_wall	ctx-lh-Medial_wall	25	25	25	0
1142	ctx-lh-Pole_occipital	ctx-lh-Pole_occipital	140	20	60	0
1143	ctx-lh-Pole_temporal	ctx-lh-Pole_temporal	220	180	20	0
1144	ctx-lh-S_calcarine	ctx-lh-S_calcarine	63	180	180	0
1145	ctx-lh-S_central	ctx-lh-S_central	221	20	10	0
1146	ctx-lh-S_central_insula	ctx-lh-S_central_insula	21	220	20	0
1147	ctx-lh-S_cingulate-Main_part_and_Intracingulate	ctx-lh-S_cingulate-Main_part_and_Intracingulate	183	100	20	0
1148	ctx-lh-S_cingulate-Marginalis_part	ctx-lh-S_cingulate-Marginalis_part	221	20	100	0
1149	ctx-lh-S_circular_insula_anterior	ctx-lh-S_circular_insula_anterior	221	60	140	0
1150	ctx-lh-S_circular_insula_inferior	ctx-lh-S_circular_insula_inferior	221	20	220	0
1151	ctx-lh-S_circular_insula_superior	ctx-lh-S_circular_insula_superior	61	220	220	0
1152	ctx-lh-S_collateral_transverse_ant	ctx-lh-S_collateral_transverse_ant	100	200	200	0
1153	ctx-lh-S_collateral_transverse_post	ctx-lh-S_collateral_transverse_post	10	200	200	0
1154	ctx-lh-S_frontal_inferior	ctx-lh-S_frontal_inferior	221	220	20	0
1155	ctx-lh-S_frontal_middle	ctx-lh-S_frontal_middle	141	20	100	0
1156	ctx-lh-S_frontal_superior	ctx-lh-S_frontal_superior	61	220	100	0
1157	ctx-lh-S_frontomarginal	ctx-lh-S_frontomarginal	21	220	60	0
1158	ctx-lh-S_intermedius_primus-Jensen	ctx-lh-S_intermedius_primus-Jensen	141	60	20	0
1159	ctx-lh-S_intraparietal-and_Parietal_transverse	ctx-lh-S_intraparietal-and_Parietal_transverse	143	20	220	0
1160	ctx-lh-S_occipital_anterior	ctx-lh-S_occipital_anterior	61	20	180	0
1161	ctx-lh-S_occipital_middle_and_Lunatus	ctx-lh-S_occipital_middle_and_Lunatus	101	60	220	0
1162	ctx-lh-S_occipital_superior_and_transversalis	ctx-lh-S_occipital_superior_and_transversalis	21	20	140	0
1163	ctx-lh-S_occipito-temporal_lateral	ctx-lh-S_occipito-temporal_lateral	221	140	20	0
1164	ctx-lh-S_occipito-temporal_medial_and_S_Lingual	ctx-lh-S_occipito-temporal_medial_and_S_Lingual	141	100	220	0
1165	ctx-lh-S_orbital-H_shapped	ctx-lh-S_orbital-H_shapped	101	20	20	0
1166	ctx-lh-S_orbital_lateral	ctx-lh-S_orbital_lateral	221	100	20	0
1167	ctx-lh-S_orbital_medial-Or_olfactory	ctx-lh-S_orbital_medial-Or_olfactory	181	200	20	0
1168	ctx-lh-S_paracentral	ctx-lh-S_paracentral	21	180	140	0
1169	ctx-lh-S_parieto_occipital	ctx-lh-S_parieto_occipital	101	100	180	0
1170	ctx-lh-S_pericallosal	ctx-lh-S_pericallosal	181	220	20	0
1171	ctx-lh-S_postcentral	ctx-lh-S_postcentral	21	140	200	0
1172	ctx-lh-S_precentral-Inferior-part	ctx-lh-S_precentral-Inferior-part	21	20	240	0
1173	ctx-lh-S_precentral-Superior-part	ctx-lh-S_precentral-Superior-part	21	20	200	0
1174	ctx-lh-S_subcentral_ant	ctx-lh-S_subcentral_ant	61	180	60	0
1175	ctx-lh-S_subcentral_post	ctx-lh-S_subcentral_post	61	180	250	0
1176	ctx-lh-S_suborbital	ctx-lh-S_suborbital	21	20	60	0
1177	ctx-lh-S_subparietal	ctx-lh-S_subparietal	101	60	60	0
1178	ctx-lh-S_supracingulate	ctx-lh-S_supracingulate	21	220	220	0
1179	ctx-lh-S_temporal_inferior	ctx-lh-S_temporal_inferior	21	180	180	0
1180	ctx-lh-S_temporal_superior	ctx-lh-S_temporal_superior	223	220	60	0
1181	ctx-lh-S_temporal_transverse	ctx-lh-S_temporal_transverse	221	60	60	0
2100	ctx-rh-Unknown	ctx-rh-Unknown	0	0	0	0
2101	ctx-rh-Corpus_callosum	ctx-rh-Corpus_callosum	50	50	50	0
2102	ctx-rh-G_and_S_Insula_ONLY_AVERAGE	ctx-rh-G_and_S_Insula_ONLY_AVERAGE	180	20	30	0
2103	ctx-rh-G_cingulate-Isthmus	ctx-rh-G_cingulate-Isthmus	60	25	25	0
2104	ctx-rh-G_cingulate-Main_part	ctx-rh-G_cingulate-Main_part	25	60	60	0
2105	ctx-rh-G_cuneus	ctx-rh-G_cuneus	180	20	20	0
2106	ctx-rh-G_frontal_inf-Opercular_part	ctx-rh-G_frontal_inf-Opercular_part	220	20	100	0
2107	ctx-rh-G_frontal_inf-Orbital_part	ctx-rh-G_frontal_inf-Orbital_part	140	60	60	0
2108	ctx-rh-G_frontal_inf-Triangular_part	ctx-rh-G_frontal_inf-Triangular_part	180	220	140	0
2109	ctx-rh-G_frontal_middle	ctx-rh-G_frontal_middle	140	100	180	0
2110	ctx-rh-G_frontal_superior	ctx-rh-G_frontal_superior	180	20	140	0
2111	ctx-rh-G_frontomarginal	ctx-rh-G_frontomarginal	140	20	140	0
2112	ctx-rh-G_insular_long	ctx-rh-G_insular_long	21	10	10	0
2113	ctx-rh-G_insular_short	ctx-rh-G_insular_short	225	140	140	0
2114	ctx-rh-G_and_S_occipital_inferior	ctx-rh-G_and_S_occipital_inferior	23	60	180	0
2115	ctx-rh-G_occipital_middle	ctx-rh-G_occipital_middle	180	60	180	0
2116	ctx-rh-G_occipital_superior	ctx-rh-G_occipital_superior	20	220	60	0
2117	ctx-rh-G_occipit-temp_lat-Or_fusiform	ctx-rh-G_occipit-temp_lat-Or_fusiform	60	20	140	0
2118	ctx-rh-G_occipit-temp_med-Lingual_part	ctx-rh-G_occipit-temp_med-Lingual_part	220	180	140	0
2119	ctx-rh-G_occipit-temp_med-Parahippocampal_part	ctx-rh-G_occipit-temp_med-Parahippocampal_part	65	100	20	0
2120	ctx-rh-G_orbital	ctx-rh-G_orbital	220	60	20	0
2121	ctx-rh-G_paracentral	ctx-rh-G_paracentral	60	100	60	0
2122	ctx-rh-G_parietal_inferior-Angular_part	ctx-rh-G_parietal_inferior-Angular_part	20	60	220	0
2123	ctx-rh-G_parietal_inferior-Supramarginal_part	ctx-rh-G_parietal_inferior-Supramarginal_part	100	100	60	0
2124	ctx-rh-G_parietal_superior	ctx-rh-G_parietal_superior	220	180	220	0
2125	ctx-rh-G_postcentral	ctx-rh-G_postcentral	20	180	140	0
2126	ctx-rh-G_precentral	ctx-rh-G_precentral	60	140	180	0
2127	ctx-rh-G_precuneus	ctx-rh-G_precuneus	25	20	140	0
2128	ctx-rh-G_rectus	ctx-rh-G_rectus	20	60	100	0
2129	ctx-rh-G_subcallosal	ctx-rh-G_subcallosal	60	220	20	0
2130	ctx-rh-G_subcentral	ctx-rh-G_subcentral	60	20	220	0
2131	ctx-rh-G_temporal_inferior	ctx-rh-G_temporal_inferior	220	220	100	0
2132	ctx-rh-G_temporal_middle	ctx-rh-G_temporal_middle	180	60	60	0
2133	ctx-rh-G_temp_sup-G_temp_transv_and_interm_S	ctx-rh-G_temp_sup-G_temp_transv_and_interm_S	60	60	220	0
2134	ctx-rh-G_temp_sup-Lateral_aspect	ctx-rh-G_temp_sup-Lateral_aspect	220	60	220	0
2135	ctx-rh-G_temp_sup-Planum_polare	ctx-rh-G_temp_sup-Planum_polare	65	220	60	0
2136	ctx-rh-G_temp_sup-Planum_tempolare	ctx-rh-G_temp_sup-Planum_tempolare	25	140	20	0
2137	ctx-rh-G_and_S_transverse_frontopolar	ctx-rh-G_and_S_transverse_frontopolar	13	0	250	0
2138	ctx-rh-Lat_Fissure-ant_sgt-ramus_horizontal	ctx-rh-Lat_Fissure-ant_sgt-ramus_horizontal	61	20	220	0
2139	ctx-rh-Lat_Fissure-ant_sgt-ramus_vertical	ctx-rh-Lat_Fissure-ant_sgt-ramus_vertical	61	20	60	0
2140	ctx-rh-Lat_Fissure-post_sgt	ctx-rh-Lat_Fissure-post_sgt	61	60	100	0
2141	ctx-rh-Medial_wall	ctx-rh-Medial_wall	25	25	25	0
2142	ctx-rh-Pole_occipital	ctx-rh-Pole_occipital	140	20	60	0
2143	ctx-rh-Pole_temporal	ctx-rh-Pole_temporal	220	180	20	0
2144	ctx-rh-S_calcarine	ctx-rh-S_calcarine	63	180	180	0
2145	ctx-rh-S_central	ctx-rh-S_central	221	20	10	0
2146	ctx-rh-S_central_insula	ctx-rh-S_central_insula	21	220	20	0
2147	ctx-rh-S_cingulate-Main_part_and_Intracingulate	ctx-rh-S_cingulate-Main_part_and_Intracingulate	183	100	20	0
2148	ctx-rh-S_cingulate-Marginalis_part	ctx-rh-S_cingulate-Marginalis_part	221	20	100	0
2149	ctx-rh-S_circular_insula_anterior	ctx-rh-S_circular_insula_anterior	221	60	140	0
2150	ctx-rh-S_circular_insula_inferior	ctx-rh-S_circular_insula_inferior	221	20	220	0
2151	ctx-rh-S_circular_insula_superior	ctx-rh-S_circular_insula_superior	61	220	220	0
2152	ctx-rh-S_collateral_transverse_ant	ctx-rh-S_collateral_transverse_ant	100	200	200	0
2153	ctx-rh-S_collateral_transverse_post	ctx-rh-S_collateral_transverse_post	10	200	200	0
2154	ctx-rh-S_frontal_inferior	ctx-rh-S_frontal_inferior	221	220	20	0
2155	ctx-rh-S_frontal_middle	ctx-rh-S_frontal_middle	141	20	100	0
2156	ctx-rh-S_frontal_superior	ctx-rh-S_frontal_superior	61	220	100	0
2157	ctx-rh-S_frontomarginal	ctx-rh-S_frontomarginal	21	220	60	0
2158	ctx-rh-S_intermedius_primus-Jensen	ctx-rh-S_intermedius_primus-Jensen	141	60	20	0
2159	ctx-rh-S_intraparietal-and_Parietal_transverse	ctx-rh-S_intraparietal-and_Parietal_transverse	143	20	220	0
2160	ctx-rh-S_occipital_anterior	ctx-rh-S_occipital_anterior	61	20	180	0
2161	ctx-rh-S_occipital_middle_and_Lunatus	ctx-rh-S_occipital_middle_and_Lunatus	101	60	220	0
2162	ctx-rh-S_occipital_superior_and_transversalis	ctx-rh-S_occipital_superior_and_transversalis	21	20	140	0
2163	ctx-rh-S_occipito-temporal_lateral	ctx-rh-S_occipito-temporal_lateral	221	140	20	0
2164	ctx-rh-S_occipito-temporal_medial_and_S_Lingual	ctx-rh-S_occipito-temporal_medial_and_S_Lingual	141	100	220	0
2165	ctx-rh-S_orbital-H_shapped	ctx-rh-S_orbital-H_shapped	101	20	20	0
2166	ctx-rh-S_orbital_lateral	ctx-rh-S_orbital_lateral	221	100	20	0
2167	ctx-rh-S_orbital_medial-Or_olfactory	ctx-rh-S_orbital_medial-Or_olfactory	181	200	20	0
2168	ctx-rh-S_paracentral	ctx-rh-S_paracentral	21	180	140	0
2169	ctx-rh-S_parieto_occipital	ctx-rh-S_parieto_occipital	101	100	180	0
2170	ctx-rh-S_pericallosal	ctx-rh-S_pericallosal	181	220	20	0
2171	ctx-rh-S_postcentral	ctx-rh-S_postcentral	21	140	200	0
2172	ctx-rh-S_precentral-Inferior-part	ctx-rh-S_precentral-Inferior-part	21	20	240	0
2173	ctx-rh-S_precentral-Superior-part	ctx-rh-S_precentral-Superior-part	21	20	200	0
2174	ctx-rh-S_subcentral_ant	ctx-rh-S_subcentral_ant	61	180	60	0
2175	ctx-rh-S_subcentral_post	ctx-rh-S_subcentral_post	61	180	250	0
2176	ctx-rh-S_suborbital	ctx-rh-S_suborbital	21	20	60	0
2177	ctx-rh-S_subparietal	ctx-rh-S_subparietal	101	60	60	0
2178	ctx-rh-S_supracingulate	ctx-rh-S_supracingulate	21	220	220	0
2179	ctx-rh-S_temporal_inferior	ctx-rh-S_temporal_inferior	21	180	180	0
2180	ctx-rh-S_temporal_superior	ctx-rh-S_temporal_superior	223	220	60	0
2181	ctx-rh-S_temporal_transverse	ctx-rh-S_temporal_transverse	221	60	60	0
2200	ctx-rh-G_cingulate-caudal_ACC	ctx-rh-G_cingulate-caudal_ACC	25	60	61	0
2201	ctx-rh-G_cingulate-rostral_ACC	ctx-rh-G_cingulate-rostral_ACC	25	90	60	0
2202	ctx-rh-G_cingulate-posterior	ctx-rh-G_cingulate-posterior	25	120	60	0
2205	ctx-rh-S_cingulate-caudal_ACC	ctx-rh-S_cingulate-caudal_ACC	25	150	60	0
2206	ctx-rh-S_cingulate-rostral_ACC	ctx-rh-S_cingulate-rostral_ACC	25	180	60	0
2207	ctx-rh-S_cingulate-posterior	ctx-rh-S_cingulate-posterior	25	210	60	0
2210	ctx-rh-S_pericallosal-caudal	ctx-rh-S_pericallosal-caudal	25	150	90	0
2211	ctx-rh-S_pericallosal-rostral	ctx-rh-S_pericallosal-rostral	25	180	90	0
2212	ctx-rh-S_pericallosal-posterior	ctx-rh-S_pericallosal-posterior	25	210	90	0
3100	wm-lh-Unknown	wm-lh-Unknown	0	0	0	0
3101	wm-lh-Corpus_callosum	wm-lh-Corpus_callosum	50	50	50	0
3102	wm-lh-G_and_S_Insula_ONLY_AVERAGE	wm-lh-G_and_S_Insula_ONLY_AVERAGE	180	20	30	0
3103	wm-lh-G_cingulate-Isthmus	wm-lh-G_cingulate-Isthmus	60	25	25	0
3104	wm-lh-G_cingulate-Main_part	wm-lh-G_cingulate-Main_part	25	60	60	0
3105	wm-lh-G_cuneus	wm-lh-G_cuneus	180	20	20	0
3106	wm-lh-G_frontal_inf-Opercular_part	wm-lh-G_frontal_inf-Opercular_part	220	20	100	0
3107	wm-lh-G_frontal_inf-Orbital_part	wm-lh-G_frontal_inf-Orbital_part	140	60	60	0
3108	wm-lh-G_frontal_inf-Triangular_part	wm-lh-G_frontal_inf-Triangular_part	180	220	140	0
3109	wm-lh-G_frontal_middle	wm-lh-G_frontal_middle	140	100	180	0
3110	wm-lh-G_frontal_superior	wm-lh-G_frontal_superior	180	20	140	0
3111	wm-lh-G_frontomarginal	wm-lh-G_frontomarginal	140	20	140	0
3112	wm-lh-G_insular_long	wm-lh-G_insular_long	21	10	10	0
3113	wm-lh-G_insular_short	wm-lh-G_insular_short	225	140	140	0
3114	wm-lh-G_and_S_occipital_inferior	wm-lh-G_and_S_occipital_inferior	23	60	180	0
3115	wm-lh-G_occipital_middle	wm-lh-G_occipital_middle	180	60	180	0
3116	wm-lh-G_occipital_superior	wm-lh-G_occipital_superior	20	220	60	0
3117	wm-lh-G_occipit-temp_lat-Or_fusiform	wm-lh-G_occipit-temp_lat-Or_fusiform	60	20	140	0
3118	wm-lh-G_occipit-temp_med-Lingual_part	wm-lh-G_occipit-temp_med-Lingual_part	220	180	140	0
3119	wm-lh-G_occipit-temp_med-Parahippocampal_part	wm-lh-G_occipit-temp_med-Parahippocampal_part	65	100	20	0
3120	wm-lh-G_orbital	wm-lh-G_orbital	220	60	20	0
3121	wm-lh-G_paracentral	wm-lh-G_paracentral	60	100	60	0
3122	wm-lh-G_parietal_inferior-Angular_part	wm-lh-G_parietal_inferior-Angular_part	20	60	220	0
3123	wm-lh-G_parietal_inferior-Supramarginal_part	wm-lh-G_parietal_inferior-Supramarginal_part	100	100	60	0
3124	wm-lh-G_parietal_superior	wm-lh-G_parietal_superior	220	180	220	0
3125	wm-lh-G_postcentral	wm-lh-G_postcentral	20	180	140	0
3126	wm-lh-G_precentral	wm-lh-G_precentral	60	140	180	0
3127	wm-lh-G_precuneus	wm-lh-G_precuneus	25	20	140	0
3128	wm-lh-G_rectus	wm-lh-G_rectus	20	60	100	0
3129	wm-lh-G_subcallosal	wm-lh-G_subcallosal	60	220	20	0
3130	wm-lh-G_subcentral	wm-lh-G_subcentral	60	20	220	0
3131	wm-lh-G_temporal_inferior	wm-lh-G_temporal_inferior	220	220	100	0
3132	wm-lh-G_temporal_middle	wm-lh-G_temporal_middle	180	60	60	0
3133	wm-lh-G_temp_sup-G_temp_transv_and_interm_S	wm-lh-G_temp_sup-G_temp_transv_and_interm_S	60	60	220	0
3134	wm-lh-G_temp_sup-Lateral_aspect	wm-lh-G_temp_sup-Lateral_aspect	220	60	220	0
3135	wm-lh-G_temp_sup-Planum_polare	wm-lh-G_temp_sup-Planum_polare	65	220	60	0
3136	wm-lh-G_temp_sup-Planum_tempolare	wm-lh-G_temp_sup-Planum_tempolare	25	140	20	0
3137	wm-lh-G_and_S_transverse_frontopolar	wm-lh-G_and_S_transverse_frontopolar	13	0	250	0
3138	wm-lh-Lat_Fissure-ant_sgt-ramus_horizontal	wm-lh-Lat_Fissure-ant_sgt-ramus_horizontal	61	20	220	0
3139	wm-lh-Lat_Fissure-ant_sgt-ramus_vertical	wm-lh-Lat_Fissure-ant_sgt-ramus_vertical	61	20	60	0
3140	wm-lh-Lat_Fissure-post_sgt	wm-lh-Lat_Fissure-post_sgt	61	60	100	0
3141	wm-lh-Medial_wall	wm-lh-Medial_wall	25	25	25	0
3142	wm-lh-Pole_occipital	wm-lh-Pole_occipital	140	20	60	0
3143	wm-lh-Pole_temporal	wm-lh-Pole_temporal	220	180	20	0
3144	wm-lh-S_calcarine	wm-lh-S_calcarine	63	180	180	0
3145	wm-lh-S_central	wm-lh-S_central	221	20	10	0
3146	wm-lh-S_central_insula	wm-lh-S_central_insula	21	220	20	0
3147	wm-lh-S_cingulate-Main_part_and_Intracingulate	wm-lh-S_cingulate-Main_part_and_Intracingulate	183	100	20	0
3148	wm-lh-S_cingulate-Marginalis_part	wm-lh-S_cingulate-Marginalis_part	221	20	100	0
3149	wm-lh-S_circular_insula_anterior	wm-lh-S_circular_insula_anterior	221	60	140	0
3150	wm-lh-S_circular_insula_inferior	wm-lh-S_circular_insula_inferior	221	20	220	0
3151	wm-lh-S_circular_insula_superior	wm-lh-S_circular_insula_superior	61	220	220	0
3152	wm-lh-S_collateral_transverse_ant	wm-lh-S_collateral_transverse_ant	100	200	200	0
3153	wm-lh-S_collateral_transverse_post	wm-lh-S_collateral_transverse_post	10	200	200	0
3154	wm-lh-S_frontal_inferior	wm-lh-S_frontal_inferior	221	220	20	0
3155	wm-lh-S_frontal_middle	wm-lh-S_frontal_middle	141	20	100	0
3156	wm-lh-S_frontal_superior	wm-lh-S_frontal_superior	61	220	100	0
3157	wm-lh-S_frontomarginal	wm-lh-S_frontomarginal	21	220	60	0
3158	wm-lh-S_intermedius_primus-Jensen	wm-lh-S_intermedius_primus-Jensen	141	60	20	0
3159	wm-lh-S_intraparietal-and_Parietal_transverse	wm-lh-S_intraparietal-and_Parietal_transverse	143	20	220	0
3160	wm-lh-S_occipital_anterior	wm-lh-S_occipital_anterior	61	20	180	0
3161	wm-lh-S_occipital_middle_and_Lunatus	wm-lh-S_occipital_middle_and_Lunatus	101	60	220	0
3162	wm-lh-S_occipital_superior_and_transversalis	wm-lh-S_occipital_superior_and_transversalis	21	20	140	0
3163	wm-lh-S_occipito-temporal_lateral	wm-lh-S_occipito-temporal_lateral	221	140	20	0
3164	wm-lh-S_occipito-temporal_medial_and_S_Lingual	wm-lh-S_occipito-temporal_medial_and_S_Lingual	141	100	220	0
3165	wm-lh-S_orbital-H_shapped	wm-lh-S_orbital-H_shapped	101	20	20	0
3166	wm-lh-S_orbital_lateral	wm-lh-S_orbital_lateral	221	100	20	0
3167	wm-lh-S_orbital_medial-Or_olfactory	wm-lh-S_orbital_medial-Or_olfactory	181	200	20	0
3168	wm-lh-S_paracentral	wm-lh-S_paracentral	21	180	140	0
3169	wm-lh-S_parieto_occipital	wm-lh-S_parieto_occipital	101	100	180	0
3170	wm-lh-S_pericallosal	wm-lh-S_pericallosal	181	220	20	0
3171	wm-lh-S_postcentral	wm-lh-S_postcentral	21	140	200	0
3172	wm-lh-S_precentral-Inferior-part	wm-lh-S_precentral-Inferior-part	21	20	240	0
3173	wm-lh-S_precentral-Superior-part	wm-lh-S_precentral-Superior-part	21	20	200	0
3174	wm-lh-S_subcentral_ant	wm-lh-S_subcentral_ant	61	180	60	0
3175	wm-lh-S_subcentral_post	wm-lh-S_subcentral_post	61	180	250	0
3176	wm-lh-S_suborbital	wm-lh-S_suborbital	21	20	60	0
3177	wm-lh-S_subparietal	wm-lh-S_subparietal	101	60	60	0
3178	wm-lh-S_supracingulate	wm-lh-S_supracingulate	21	220	220	0
3179	wm-lh-S_temporal_inferior	wm-lh-S_temporal_inferior	21	180	180	0
3180	wm-lh-S_temporal_superior	wm-lh-S_temporal_superior	223	220	60	0
3181	wm-lh-S_temporal_transverse	wm-lh-S_temporal_transverse	221	60	60	0
4100	wm-rh-Unknown	wm-rh-Unknown	0	0	0	0
4101	wm-rh-Corpus_callosum	wm-rh-Corpus_callosum	50	50	50	0
4102	wm-rh-G_and_S_Insula_ONLY_AVERAGE	wm-rh-G_and_S_Insula_ONLY_AVERAGE	180	20	30	0
4103	wm-rh-G_cingulate-Isthmus	wm-rh-G_cingulate-Isthmus	60	25	25	0
4104	wm-rh-G_cingulate-Main_part	wm-rh-G_cingulate-Main_part	25	60	60	0
4105	wm-rh-G_cuneus	wm-rh-G_cuneus	180	20	20	0
4106	wm-rh-G_frontal_inf-Opercular_part	wm-rh-G_frontal_inf-Opercular_part	220	20	100	0
4107	wm-rh-G_frontal_inf-Orbital_part	wm-rh-G_frontal_inf-Orbital_part	140	60	60	0
4108	wm-rh-G_frontal_inf-Triangular_part	wm-rh-G_frontal_inf-Triangular_part	180	220	140	0
4109	wm-rh-G_frontal_middle	wm-rh-G_frontal_middle	140	100	180	0
4110	wm-rh-G_frontal_superior	wm-rh-G_frontal_superior	180	20	140	0
4111	wm-rh-G_frontomarginal	wm-rh-G_frontomarginal	140	20	140	0
4112	wm-rh-G_insular_long	wm-rh-G_insular_long	21	10	10	0
4113	wm-rh-G_insular_short	wm-rh-G_insular_short	225	140	140	0
4114	wm-rh-G_and_S_occipital_inferior	wm-rh-G_and_S_occipital_inferior	23	60	180	0
4115	wm-rh-G_occipital_middle	wm-rh-G_occipital_middle	180	60	180	0
4116	wm-rh-G_occipital_superior	wm-rh-G_occipital_superior	20	220	60	0
4117	wm-rh-G_occipit-temp_lat-Or_fusiform	wm-rh-G_occipit-temp_lat-Or_fusiform	60	20	140	0
4118	wm-rh-G_occipit-temp_med-Lingual_part	wm-rh-G_occipit-temp_med-Lingual_part	220	180	140	0
4119	wm-rh-G_occipit-temp_med-Parahippocampal_part	wm-rh-G_occipit-temp_med-Parahippocampal_part	65	100	20	0
4120	wm-rh-G_orbital	wm-rh-G_orbital	220	60	20	0
4121	wm-rh-G_paracentral	wm-rh-G_paracentral	60	100	60	0
4122	wm-rh-G_parietal_inferior-Angular_part	wm-rh-G_parietal_inferior-Angular_part	20	60	220	0
4123	wm-rh-G_parietal_inferior-Supramarginal_part	wm-rh-G_parietal_inferior-Supramarginal_part	100	100	60	0
4124	wm-rh-G_parietal_superior	wm-rh-G_parietal_superior	220	180	220	0
4125	wm-rh-G_postcentral	wm-rh-G_postcentral	20	180	140	0
4126	wm-rh-G_precentral	wm-rh-G_precentral	60	140	180	0
4127	wm-rh-G_precuneus	wm-rh-G_precuneus	25	20	140	0
4128	wm-rh-G_rectus	wm-rh-G_rectus	20	60	100	0
4129	wm-rh-G_subcallosal	wm-rh-G_subcallosal	60	220	20	0
4130	wm-rh-G_subcentral	wm-rh-G_subcentral	60	20	220	0
4131	wm-rh-G_temporal_inferior	wm-rh-G_temporal_inferior	220	220	100	0
4132	wm-rh-G_temporal_middle	wm-rh-G_temporal_middle	180	60	60	0
4133	wm-rh-G_temp_sup-G_temp_transv_and_interm_S	wm-rh-G_temp_sup-G_temp_transv_and_interm_S	60	60	220	0
4134	wm-rh-G_temp_sup-Lateral_aspect	wm-rh-G_temp_sup-Lateral_aspect	220	60	220	0
4135	wm-rh-G_temp_sup-Planum_polare	wm-rh-G_temp_sup-Planum_polare	65	220	60	0
4136	wm-rh-G_temp_sup-Planum_tempolare	wm-rh-G_temp_sup-Planum_tempolare	25	140	20	0
4137	wm-rh-G_and_S_transverse_frontopolar	wm-rh-G_and_S_transverse_frontopolar	13	0	250	0
4138	wm-rh-Lat_Fissure-ant_sgt-ramus_horizontal	wm-rh-Lat_Fissure-ant_sgt-ramus_horizontal	61	20	220	0
4139	wm-rh-Lat_Fissure-ant_sgt-ramus_vertical	wm-rh-Lat_Fissure-ant_sgt-ramus_vertical	61	20	60	0
4140	wm-rh-Lat_Fissure-post_sgt	wm-rh-Lat_Fissure-post_sgt	61	60	100	0
4141	wm-rh-Medial_wall	wm-rh-Medial_wall	25	25	25	0
4142	wm-rh-Pole_occipital	wm-rh-Pole_occipital	140	20	60	0
4143	wm-rh-Pole_temporal	wm-rh-Pole_temporal	220	180	20	0
4144	wm-rh-S_calcarine	wm-rh-S_calcarine	63	180	180	0
4145	wm-rh-S_central	wm-rh-S_central	221	20	10	0
4146	wm-rh-S_central_insula	wm-rh-S_central_insula	21	220	20	0
4147	wm-rh-S_cingulate-Main_part_and_Intracingulate	wm-rh-S_cingulate-Main_part_and_Intracingulate	183	100	20	0
4148	wm-rh-S_cingulate-Marginalis_part	wm-rh-S_cingulate-Marginalis_part	221	20	100	0
4149	wm-rh-S_circular_insula_anterior	wm-rh-S_circular_insula_anterior	221	60	140	0
4150	wm-rh-S_circular_insula_inferior	wm-rh-S_circular_insula_inferior	221	20	220	0
4151	wm-rh-S_circular_insula_superior	wm-rh-S_circular_insula_superior	61	220	220	0
4152	wm-rh-S_collateral_transverse_ant	wm-rh-S_collateral_transverse_ant	100	200	200	0
4153	wm-rh-S_collateral_transverse_post	wm-rh-S_collateral_transverse_post	10	200	200	0
4154	wm-rh-S_frontal_inferior	wm-rh-S_frontal_inferior	221	220	20	0
4155	wm-rh-S_frontal_middle	wm-rh-S_frontal_middle	141	20	100	0
4156	wm-rh-S_frontal_superior	wm-rh-S_frontal_superior	61	220	100	0
4157	wm-rh-S_frontomarginal	wm-rh-S_frontomarginal	21	220	60	0
4158	wm-rh-S_intermedius_primus-Jensen	wm-rh-S_intermedius_primus-Jensen	141	60	20	0
4159	wm-rh-S_intraparietal-and_Parietal_transverse	wm-rh-S_intraparietal-and_Parietal_transverse	143	20	220	0
4160	wm-rh-S_occipital_anterior	wm-rh-S_occipital_anterior	61	20	180	0
4161	wm-rh-S_occipital_middle_and_Lunatus	wm-rh-S_occipital_middle_and_Lunatus	101	60	220	0
4162	wm-rh-S_occipital_superior_and_transversalis	wm-rh-S_occipital_superior_and_transversalis	21	20	140	0
4163	wm-rh-S_occipito-temporal_lateral	wm-rh-S_occipito-temporal_lateral	221	140	20	0
4164	wm-rh-S_occipito-temporal_medial_and_S_Lingual	wm-rh-S_occipito-temporal_medial_and_S_Lingual	141	100	220	0
4165	wm-rh-S_orbital-H_shapped	wm-rh-S_orbital-H_shapped	101	20	20	0
4166	wm-rh-S_orbital_lateral	wm-rh-S_orbital_lateral	221	100	20	0
4167	wm-rh-S_orbital_medial-Or_olfactory	wm-rh-S_orbital_medial-Or_olfactory	181	200	20	0
4168	wm-rh-S_paracentral	wm-rh-S_paracentral	21	180	140	0
4169	wm-rh-S_parieto_occipital	wm-rh-S_parieto_occipital	101	100	180	0
4170	wm-rh-S_pericallosal	wm-rh-S_pericallosal	181	220	20	0
4171	wm-rh-S_postcentral	wm-rh-S_postcentral	21	140	200	0
4172	wm-rh-S_precentral-Inferior-part	wm-rh-S_precentral-Inferior-part	21	20	240	0
4173	wm-rh-S_precentral-Superior-part	wm-rh-S_precentral-Superior-part	21	20	200	0
4174	wm-rh-S_subcentral_ant	wm-rh-S_subcentral_ant	61	180	60	0
4175	wm-rh-S_subcentral_post	wm-rh-S_subcentral_post	61	180	250	0
4176	wm-rh-S_suborbital	wm-rh-S_suborbital	21	20	60	0
4177	wm-rh-S_subparietal	wm-rh-S_subparietal	101	60	60	0
4178	wm-rh-S_supracingulate	wm-rh-S_supracingulate	21	220	220	0
4179	wm-rh-S_temporal_inferior	wm-rh-S_temporal_inferior	21	180	180	0
4180	wm-rh-S_temporal_superior	wm-rh-S_temporal_superior	223	220	60	0
4181	wm-rh-S_temporal_transverse	wm-rh-S_temporal_transverse	221	60	60	0
5001	Left-UnsegmentedWhiteMatter	Left-UnsegmentedWhiteMatter	20	30	40	0
5100	fmajor	fmajor	204	102	102	0
5101	fminor	fminor	204	102	102	0
5102	lh.atr	lh.atr	255	255	102	0
5103	lh.cab	lh.cab	153	204	0	0
5104	lh.ccg	lh.ccg	0	153	153	0
5105	lh.cst	lh.cst	204	153	255	0
5106	lh.ilf	lh.ilf	255	153	51	0
5107	lh.slfp	lh.slfp	204	204	204	0
5108	lh.slft	lh.slft	153	255	255	0
5109	lh.unc	lh.unc	102	153	255	0
5110	rh.atr	rh.atr	255	255	102	0
5111	rh.cab	rh.cab	153	204	0	0
5112	rh.ccg	rh.ccg	0	153	153	0
5113	rh.cst	rh.cst	204	153	255	0
5114	rh.ilf	rh.ilf	255	153	51	0
5115	rh.slfp	rh.slfp	204	204	204	0
5116	rh.slft	rh.slft	153	255	255	0
5117	rh.unc	rh.unc	102	153	255	0
5200	CC-ForcepsMajor	CC-ForcepsMajor	204	102	102	0
5201	CC-ForcepsMinor	CC-ForcepsMinor	204	102	102	0
5202	LAntThalRadiation	LAntThalRadiation	255	255	102	0
5203	LCingulumAngBundle	LCingulumAngBundle	153	204	0	0
5204	LCingulumCingGyrus	LCingulumCingGyrus	0	153	153	0
5205	LCorticospinalTract	LCorticospinalTract	204	153	255	0
5206	LInfLongFas	LInfLongFas	255	153	51	0
5207	LSupLongFasParietal	LSupLongFasParietal	204	204	204	0
5208	LSupLongFasTemporal	LSupLongFasTemporal	153	255	255	0
5209	LUncinateFas	LUncinateFas	102	153	255	0
5210	RAntThalRadiation	RAntThalRadiation	255	255	102	0
5211	RCingulumAngBundle	RCingulumAngBundle	153	204	0	0
5212	RCingulumCingGyrus	RCingulumCingGyrus	0	153	153	0
5213	RCorticospinalTract	RCorticospinalTract	204	153	255	0
5214	RInfLongFas	RInfLongFas	255	153	51	0
5215	RSupLongFasParietal	RSupLongFasParietal	204	204	204	0
5216	RSupLongFasTemporal	RSupLongFasTemporal	153	255	255	0
5217	RUncinateFas	RUncinateFas	102	153	255	0
6000	CST-orig	CST-orig	0	255	0	0
6001	CST-hammer	CST-hammer	255	255	0	0
6002	CST-CVS	CST-CVS	0	255	255	0
6003	CST-flirt	CST-flirt	0	0	255	0
6010	Left-SLF1	Left-SLF1	236	16	231	0
6020	Right-SLF1	Right-SLF1	237	18	232	0
6030	Left-SLF3	Left-SLF3	236	13	227	0
6040	Right-SLF3	Right-SLF3	236	17	228	0
6050	Left-CST	Left-CST	1	255	1	0
6060	Right-CST	Right-CST	2	255	1	0
6070	Left-SLF2	Left-SLF2	236	14	230	0
6080	Right-SLF2	Right-SLF2	237	14	230	0
7001	Lateral-nucleus	Lateral-nucleus	72	132	181	0
7002	Basolateral-nucleus	Basolateral-nucleus	243	243	243	0
7003	Basal-nucleus	Basal-nucleus	207	63	79	0
7004	Centromedial-nucleus	Centromedial-nucleus	121	20	135	0
7005	Central-nucleus	Central-nucleus	197	60	248	0
7006	Medial-nucleus	Medial-nucleus	2	149	2	0
7007	Cortical-nucleus	Cortical-nucleus	221	249	166	0
7008	Accessory-Basal-nucleus	Accessory-Basal-nucleus	232	146	35	0
7009	Corticoamygdaloid-transitio	Corticoamygdaloid-transitio	20	60	120	0
7010	Anterior-amygdaloid-area-AAA	Anterior-amygdaloid-area-AAA	250	250	0	0
7011	Fusion-amygdala-HP-FAH	Fusion-amygdala-HP-FAH	122	187	222	0
7012	Hippocampal-amygdala-transition-HATA	Hippocampal-amygdala-transition-HATA	237	12	177	0
7013	Endopiriform-nucleus	Endopiriform-nucleus	10	49	255	0
7014	Lateral-nucleus-olfactory-tract	Lateral-nucleus-olfactory-tract	205	184	144	0
7015	Paralaminar-nucleus	Paralaminar-nucleus	45	205	165	0
7016	Intercalated-nucleus	Intercalated-nucleus	117	160	175	0
7017	Prepiriform-cortex	Prepiriform-cortex	221	217	21	0
7018	Periamygdaloid-cortex	Periamygdaloid-cortex	20	60	120	0
7019	Envelope-Amygdala	Envelope-Amygdala	141	21	100	0
7020	Extranuclear-Amydala	Extranuclear-Amydala	225	140	141	0
7100	Brainstem-inferior-colliculus	Brainstem-inferior-colliculus	42	201	168	0
7101	Brainstem-cochlear-nucleus	Brainstem-cochlear-nucleus	168	104	162	0
8001	Thalamus-Anterior	Thalamus-Anterior	74	130	181	0
8002	Thalamus-Ventral-anterior	Thalamus-Ventral-anterior	242	241	240	0
8003	Thalamus-Lateral-dorsal	Thalamus-Lateral-dorsal	206	65	78	0
8004	Thalamus-Lateral-posterior	Thalamus-Lateral-posterior	120	21	133	0
8005	Thalamus-Ventral-lateral	Thalamus-Ventral-lateral	195	61	246	0
8006	Thalamus-Ventral-posterior-medial	Thalamus-Ventral-posterior-medial	3	147	6	0
8007	Thalamus-Ventral-posterior-lateral	Thalamus-Ventral-posterior-lateral	220	251	163	0
8008	Thalamus-intralaminar	Thalamus-intralaminar	232	146	33	0
8009	Thalamus-centromedian	Thalamus-centromedian	4	114	14	0
8010	Thalamus-mediodorsal	Thalamus-mediodorsal	121	184	220	0
8011	Thalamus-medial	Thalamus-medial	235	11	175	0
8012	Thalamus-pulvinar	Thalamus-pulvinar	12	46	250	0
8013	Thalamus-lateral-geniculate	Thalamus-lateral-geniculate	203	182	143	0
8014	Thalamus-medial-geniculate	Thalamus-medial-geniculate	42	204	167	0
9000	ctx-lh-prefrontal	ctx-lh-prefrontal	50	100	30	0
9001	ctx-lh-primary-motor	ctx-lh-primary-motor	30	100	45	0
9002	ctx-lh-premotor	ctx-lh-premotor	130	100	165	0
9003	ctx-lh-temporal	ctx-lh-temporal	105	25	5	0
9004	ctx-lh-posterior-parietal	ctx-lh-posterior-parietal	125	70	55	0
9005	ctx-lh-prim-sec-somatosensory	ctx-lh-prim-sec-somatosensory	225	20	105	0
9006	ctx-lh-occipital	ctx-lh-occipital	225	20	15	0
9500	ctx-rh-prefrontal	ctx-rh-prefrontal	50	200	30	0
9501	ctx-rh-primary-motor	ctx-rh-primary-motor	30	150	45	0
9502	ctx-rh-premotor	ctx-rh-premotor	130	150	165	0
9503	ctx-rh-temporal	ctx-rh-temporal	105	75	5	0
9504	ctx-rh-posterior-parietal	ctx-rh-posterior-parietal	125	120	55	0
9505	ctx-rh-prim-sec-somatosensory	ctx-rh-prim-sec-somatosensory	225	70	105	0
9506	ctx-rh-occipital	ctx-rh-occipital	225	70	15	0
11100	ctx_lh_Unknown	ctx_lh_Unknown	0	0	0	0
11101	ctx_lh_G_and_S_frontomargin	ctx_lh_G_and_S_frontomargin	23	220	60	0
11102	ctx_lh_G_and_S_occipital_inf	ctx_lh_G_and_S_occipital_inf	23	60	180	0
11103	ctx_lh_G_and_S_paracentral	ctx_lh_G_and_S_paracentral	63	100	60	0
11104	ctx_lh_G_and_S_subcentral	ctx_lh_G_and_S_subcentral	63	20	220	0
11105	ctx_lh_G_and_S_transv_frontopol	ctx_lh_G_and_S_transv_frontopol	13	0	250	0
11106	ctx_lh_G_and_S_cingul-Ant	ctx_lh_G_and_S_cingul-Ant	26	60	0	0
11107	ctx_lh_G_and_S_cingul-Mid-Ant	ctx_lh_G_and_S_cingul-Mid-Ant	26	60	75	0
11108	ctx_lh_G_and_S_cingul-Mid-Post	ctx_lh_G_and_S_cingul-Mid-Post	26	60	150	0
11109	ctx_lh_G_cingul-Post-dorsal	ctx_lh_G_cingul-Post-dorsal	25	60	250	0
11110	ctx_lh_G_cingul-Post-ventral	ctx_lh_G_cingul-Post-ventral	60	25	25	0
11111	ctx_lh_G_cuneus	ctx_lh_G_cuneus	180	20	20	0
11112	ctx_lh_G_front_inf-Opercular	ctx_lh_G_front_inf-Opercular	220	20	100	0
11113	ctx_lh_G_front_inf-Orbital	ctx_lh_G_front_inf-Orbital	140	60	60	0
11114	ctx_lh_G_front_inf-Triangul	ctx_lh_G_front_inf-Triangul	180	220	140	0
11115	ctx_lh_G_front_middle	ctx_lh_G_front_middle	140	100	180	0
11116	ctx_lh_G_front_sup	ctx_lh_G_front_sup	180	20	140	0
11117	ctx_lh_G_Ins_lg_and_S_cent_ins	ctx_lh_G_Ins_lg_and_S_cent_ins	23	10	10	0
11118	ctx_lh_G_insular_short	ctx_lh_G_insular_short	225	140	140	0
11119	ctx_lh_G_occipital_middle	ctx_lh_G_occipital_middle	180	60	180	0
11120	ctx_lh_G_occipital_sup	ctx_lh_G_occipital_sup	20	220	60	0
11121	ctx_lh_G_oc-temp_lat-fusifor	ctx_lh_G_oc-temp_lat-fusifor	60	20	140	0
11122	ctx_lh_G_oc-temp_med-Lingual	ctx_lh_G_oc-temp_med-Lingual	220	180	140	0
11123	ctx_lh_G_oc-temp_med-Parahip	ctx_lh_G_oc-temp_med-Parahip	65	100	20	0
11124	ctx_lh_G_orbital	ctx_lh_G_orbital	220	60	20	0
11125	ctx_lh_G_pariet_inf-Angular	ctx_lh_G_pariet_inf-Angular	20	60	220	0
11126	ctx_lh_G_pariet_inf-Supramar	ctx_lh_G_pariet_inf-Supramar	100	100	60	0
11127	ctx_lh_G_parietal_sup	ctx_lh_G_parietal_sup	220	180	220	0
11128	ctx_lh_G_postcentral	ctx_lh_G_postcentral	20	180	140	0
11129	ctx_lh_G_precentral	ctx_lh_G_precentral	60	140	180	0
11130	ctx_lh_G_precuneus	ctx_lh_G_precuneus	25	20	140	0
11131	ctx_lh_G_rectus	ctx_lh_G_rectus	20	60	100	0
11132	ctx_lh_G_subcallosal	ctx_lh_G_subcallosal	60	220	20	0
11133	ctx_lh_G_temp_sup-G_T_transv	ctx_lh_G_temp_sup-G_T_transv	60	60	220	0
11134	ctx_lh_G_temp_sup-Lateral	ctx_lh_G_temp_sup-Lateral	220	60	220	0
11135	ctx_lh_G_temp_sup-Plan_polar	ctx_lh_G_temp_sup-Plan_polar	65	220	60	0
11136	ctx_lh_G_temp_sup-Plan_tempo	ctx_lh_G_temp_sup-Plan_tempo	25	140	20	0
11137	ctx_lh_G_temporal_inf	ctx_lh_G_temporal_inf	220	220	100	0
11138	ctx_lh_G_temporal_middle	ctx_lh_G_temporal_middle	180	60	60	0
11139	ctx_lh_Lat_Fis-ant-Horizont	ctx_lh_Lat_Fis-ant-Horizont	61	20	220	0
11140	ctx_lh_Lat_Fis-ant-Vertical	ctx_lh_Lat_Fis-ant-Vertical	61	20	60	0
11141	ctx_lh_Lat_Fis-post	ctx_lh_Lat_Fis-post	61	60	100	0
11142	ctx_lh_Medial_wall	ctx_lh_Medial_wall	25	25	25	0
11143	ctx_lh_Pole_occipital	ctx_lh_Pole_occipital	140	20	60	0
11144	ctx_lh_Pole_temporal	ctx_lh_Pole_temporal	220	180	20	0
11145	ctx_lh_S_calcarine	ctx_lh_S_calcarine	63	180	180	0
11146	ctx_lh_S_central	ctx_lh_S_central	221	20	10	0
11147	ctx_lh_S_cingul-Marginalis	ctx_lh_S_cingul-Marginalis	221	20	100	0
11148	ctx_lh_S_circular_insula_ant	ctx_lh_S_circular_insula_ant	221	60	140	0
11149	ctx_lh_S_circular_insula_inf	ctx_lh_S_circular_insula_inf	221	20	220	0
11150	ctx_lh_S_circular_insula_sup	ctx_lh_S_circular_insula_sup	61	220	220	0
11151	ctx_lh_S_collat_transv_ant	ctx_lh_S_collat_transv_ant	100	200	200	0
11152	ctx_lh_S_collat_transv_post	ctx_lh_S_collat_transv_post	10	200	200	0
11153	ctx_lh_S_front_inf	ctx_lh_S_front_inf	221	220	20	0
11154	ctx_lh_S_front_middle	ctx_lh_S_front_middle	141	20	100	0
11155	ctx_lh_S_front_sup	ctx_lh_S_front_sup	61	220	100	0
11156	ctx_lh_S_interm_prim-Jensen	ctx_lh_S_interm_prim-Jensen	141	60	20	0
11157	ctx_lh_S_intrapariet_and_P_trans	ctx_lh_S_intrapariet_and_P_trans	143	20	220	0
11158	ctx_lh_S_oc_middle_and_Lunatus	ctx_lh_S_oc_middle_and_Lunatus	101	60	220	0
11159	ctx_lh_S_oc_sup_and_transversal	ctx_lh_S_oc_sup_and_transversal	21	20	140	0
11160	ctx_lh_S_occipital_ant	ctx_lh_S_occipital_ant	61	20	180	0
11161	ctx_lh_S_oc-temp_lat	ctx_lh_S_oc-temp_lat	221	140	20	0
11162	ctx_lh_S_oc-temp_med_and_Lingual	ctx_lh_S_oc-temp_med_and_Lingual	141	100	220	0
11163	ctx_lh_S_orbital_lateral	ctx_lh_S_orbital_lateral	221	100	20	0
11164	ctx_lh_S_orbital_med-olfact	ctx_lh_S_orbital_med-olfact	181	200	20	0
11165	ctx_lh_S_orbital-H_Shaped	ctx_lh_S_orbital-H_Shaped	101	20	20	0
11166	ctx_lh_S_parieto_occipital	ctx_lh_S_parieto_occipital	101	100	180	0
11167	ctx_lh_S_pericallosal	ctx_lh_S_pericallosal	181	220	20	0
11168	ctx_lh_S_postcentral	ctx_lh_S_postcentral	21	140	200	0
11169	ctx_lh_S_precentral-inf-part	ctx_lh_S_precentral-inf-part	21	20	240	0
11170	ctx_lh_S_precentral-sup-part	ctx_lh_S_precentral-sup-part	21	20	200	0
11171	ctx_lh_S_suborbital	ctx_lh_S_suborbital	21	20	60	0
11172	ctx_lh_S_subparietal	ctx_lh_S_subparietal	101	60	60	0
11173	ctx_lh_S_temporal_inf	ctx_lh_S_temporal_inf	21	180	180	0
11174	ctx_lh_S_temporal_sup	ctx_lh_S_temporal_sup	223	220	60	0
11175	ctx_lh_S_temporal_transverse	ctx_lh_S_temporal_transverse	221	60	60	0
12100	ctx_rh_Unknown	ctx_rh_Unknown	0	0	0	0
12101	ctx_rh_G_and_S_frontomargin	ctx_rh_G_and_S_frontomargin	23	220	60	0
12102	ctx_rh_G_and_S_occipital_inf	ctx_rh_G_and_S_occipital_inf	23	60	180	0
12103	ctx_rh_G_and_S_paracentral	ctx_rh_G_and_S_paracentral	63	100	60	0
12104	ctx_rh_G_and_S_subcentral	ctx_rh_G_and_S_subcentral	63	20	220	0
12105	ctx_rh_G_and_S_transv_frontopol	ctx_rh_G_and_S_transv_frontopol	13	0	250	0
12106	ctx_rh_G_and_S_cingul-Ant	ctx_rh_G_and_S_cingul-Ant	26	60	0	0
12107	ctx_rh_G_and_S_cingul-Mid-Ant	ctx_rh_G_and_S_cingul-Mid-Ant	26	60	75	0
12108	ctx_rh_G_and_S_cingul-Mid-Post	ctx_rh_G_and_S_cingul-Mid-Post	26	60	150	0
12109	ctx_rh_G_cingul-Post-dorsal	ctx_rh_G_cingul-Post-dorsal	25	60	250	0
12110	ctx_rh_G_cingul-Post-ventral	ctx_rh_G_cingul-Post-ventral	60	25	25	0
12111	ctx_rh_G_cuneus	ctx_rh_G_cuneus	180	20	20	0
12112	ctx_rh_G_front_inf-Opercular	ctx_rh_G_front_inf-Opercular	220	20	100	0
12113	ctx_rh_G_front_inf-Orbital	ctx_rh_G_front_inf-Orbital	140	60	60	0
12114	ctx_rh_G_front_inf-Triangul	ctx_rh_G_front_inf-Triangul	180	220	140	0
12115	ctx_rh_G_front_middle	ctx_rh_G_front_middle	140	100	180	0
12116	ctx_rh_G_front_sup	ctx_rh_G_front_sup	180	20	140	0
12117	ctx_rh_G_Ins_lg_and_S_cent_ins	ctx_rh_G_Ins_lg_and_S_cent_ins	23	10	10	0
12118	ctx_rh_G_insular_short	ctx_rh_G_insular_short	225	140	140	0
12119	ctx_rh_G_occipital_middle	ctx_rh_G_occipital_middle	180	60	180	0
12120	ctx_rh_G_occipital_sup	ctx_rh_G_occipital_sup	20	220	60	0
12121	ctx_rh_G_oc-temp_lat-fusifor	ctx_rh_G_oc-temp_lat-fusifor	60	20	140	0
12122	ctx_rh_G_oc-temp_med-Lingual	ctx_rh_G_oc-temp_med-Lingual	220	180	140	0
12123	ctx_rh_G_oc-temp_med-Parahip	ctx_rh_G_oc-temp_med-Parahip	65	100	20	0
12124	ctx_rh_G_orbital	ctx_rh_G_orbital	220	60	20	0
12125	ctx_rh_G_pariet_inf-Angular	ctx_rh_G_pariet_inf-Angular	20	60	220	0
12126	ctx_rh_G_pariet_inf-Supramar	ctx_rh_G_pariet_inf-Supramar	100	100	60	0
12127	ctx_rh_G_parietal_sup	ctx_rh_G_parietal_sup	220	180	220	0
12128	ctx_rh_G_postcentral	ctx_rh_G_postcentral	20	180	140	0
12129	ctx_rh_G_precentral	ctx_rh_G_precentral	60	140	180	0
12130	ctx_rh_G_precuneus	ctx_rh_G_precuneus	25	20	140	0
12131	ctx_rh_G_rectus	ctx_rh_G_rectus	20	60	100	0
12132	ctx_rh_G_subcallosal	ctx_rh_G_subcallosal	60	220	20	0
12133	ctx_rh_G_temp_sup-G_T_transv	ctx_rh_G_temp_sup-G_T_transv	60	60	220	0
12134	ctx_rh_G_temp_sup-Lateral	ctx_rh_G_temp_sup-Lateral	220	60	220	0
12135	ctx_rh_G_temp_sup-Plan_polar	ctx_rh_G_temp_sup-Plan_polar	65	220	60	0
12136	ctx_rh_G_temp_sup-Plan_tempo	ctx_rh_G_temp_sup-Plan_tempo	25	140	20	0
12137	ctx_rh_G_temporal_inf	ctx_rh_G_temporal_inf	220	220	100	0
12138	ctx_rh_G_temporal_middle	ctx_rh_G_temporal_middle	180	60	60	0
12139	ctx_rh_Lat_Fis-ant-Horizont	ctx_rh_Lat_Fis-ant-Horizont	61	20	220	0
12140	ctx_rh_Lat_Fis-ant-Vertical	ctx_rh_Lat_Fis-ant-Vertical	61	20	60	0
12141	ctx_rh_Lat_Fis-post	ctx_rh_Lat_Fis-post	61	60	100	0
12142	ctx_rh_Medial_wall	ctx_rh_Medial_wall	25	25	25	0
12143	ctx_rh_Pole_occipital	ctx_rh_Pole_occipital	140	20	60	0
12144	ctx_rh_Pole_temporal	ctx_rh_Pole_temporal	220	180	20	0
12145	ctx_rh_S_calcarine	ctx_rh_S_calcarine	63	180	180	0
12146	ctx_rh_S_central	ctx_rh_S_central	221	20	10	0
12147	ctx_rh_S_cingul-Marginalis	ctx_rh_S_cingul-Marginalis	221	20	100	0
12148	ctx_rh_S_circular_insula_ant	ctx_rh_S_circular_insula_ant	221	60	140	0
12149	ctx_rh_S_circular_insula_inf	ctx_rh_S_circular_insula_inf	221	20	220	0
12150	ctx_rh_S_circular_insula_sup	ctx_rh_S_circular_insula_sup	61	220	220	0
12151	ctx_rh_S_collat_transv_ant	ctx_rh_S_collat_transv_ant	100	200	200	0
12152	ctx_rh_S_collat_transv_post	ctx_rh_S_collat_transv_post	10	200	200	0
12153	ctx_rh_S_front_inf	ctx_rh_S_front_inf	221	220	20	0
12154	ctx_rh_S_front_middle	ctx_rh_S_front_middle	141	20	100	0
12155	ctx_rh_S_front_sup	ctx_rh_S_front_sup	61	220	100	0
12156	ctx_rh_S_interm_prim-Jensen	ctx_rh_S_interm_prim-Jensen	141	60	20	0
12157	ctx_rh_S_intrapariet_and_P_trans	ctx_rh_S_intrapariet_and_P_trans	143	20	220	0
12158	ctx_rh_S_oc_middle_and_Lunatus	ctx_rh_S_oc_middle_and_Lunatus	101	60	220	0
12159	ctx_rh_S_oc_sup_and_transversal	ctx_rh_S_oc_sup_and_transversal	21	20	140	0
12160	ctx_rh_S_occipital_ant	ctx_rh_S_occipital_ant	61	20	180	0
12161	ctx_rh_S_oc-temp_lat	ctx_rh_S_oc-temp_lat	221	140	20	0
12162	ctx_rh_S_oc-temp_med_and_Lingual	ctx_rh_S_oc-temp_med_and_Lingual	141	100	220	0
12163	ctx_rh_S_orbital_lateral	ctx_rh_S_orbital_lateral	221	100	20	0
12164	ctx_rh_S_orbital_med-olfact	ctx_rh_S_orbital_med-olfact	181	200	20	0
12165	ctx_rh_S_orbital-H_Shaped	ctx_rh_S_orbital-H_Shaped	101	20	20	0
12166	ctx_rh_S_parieto_occipital	ctx_rh_S_parieto_occipital	101	100	180	0
12167	ctx_rh_S_pericallosal	ctx_rh_S_pericallosal	181	220	20	0
12168	ctx_rh_S_postcentral	ctx_rh_S_postcentral	21	140	200	0
12169	ctx_rh_S_precentral-inf-part	ctx_rh_S_precentral-inf-part	21	20	240	0
12170	ctx_rh_S_precentral-sup-part	ctx_rh_S_precentral-sup-part	21	20	200	0
12171	ctx_rh_S_suborbital	ctx_rh_S_suborbital	21	20	60	0
12172	ctx_rh_S_subparietal	ctx_rh_S_subparietal	101	60	60	0
12173	ctx_rh_S_temporal_inf	ctx_rh_S_temporal_inf	21	180	180	0
12174	ctx_rh_S_temporal_sup	ctx_rh_S_temporal_sup	223	220	60	0
12175	ctx_rh_S_temporal_transverse	ctx_rh_S_temporal_transverse	221	60	60	0
13100	wm_lh_Unknown	wm_lh_Unknown	0	0	0	0
13101	wm_lh_G_and_S_frontomargin	wm_lh_G_and_S_frontomargin	23	220	60	0
13102	wm_lh_G_and_S_occipital_inf	wm_lh_G_and_S_occipital_inf	23	60	180	0
13103	wm_lh_G_and_S_paracentral	wm_lh_G_and_S_paracentral	63	100	60	0
13104	wm_lh_G_and_S_subcentral	wm_lh_G_and_S_subcentral	63	20	220	0
13105	wm_lh_G_and_S_transv_frontopol	wm_lh_G_and_S_transv_frontopol	13	0	250	0
13106	wm_lh_G_and_S_cingul-Ant	wm_lh_G_and_S_cingul-Ant	26	60	0	0
13107	wm_lh_G_and_S_cingul-Mid-Ant	wm_lh_G_and_S_cingul-Mid-Ant	26	60	75	0
13108	wm_lh_G_and_S_cingul-Mid-Post	wm_lh_G_and_S_cingul-Mid-Post	26	60	150	0
13109	wm_lh_G_cingul-Post-dorsal	wm_lh_G_cingul-Post-dorsal	25	60	250	0
13110	wm_lh_G_cingul-Post-ventral	wm_lh_G_cingul-Post-ventral	60	25	25	0
13111	wm_lh_G_cuneus	wm_lh_G_cuneus	180	20	20	0
13112	wm_lh_G_front_inf-Opercular	wm_lh_G_front_inf-Opercular	220	20	100	0
13113	wm_lh_G_front_inf-Orbital	wm_lh_G_front_inf-Orbital	140	60	60	0
13114	wm_lh_G_front_inf-Triangul	wm_lh_G_front_inf-Triangul	180	220	140	0
13115	wm_lh_G_front_middle	wm_lh_G_front_middle	140	100	180	0
13116	wm_lh_G_front_sup	wm_lh_G_front_sup	180	20	140	0
13117	wm_lh_G_Ins_lg_and_S_cent_ins	wm_lh_G_Ins_lg_and_S_cent_ins	23	10	10	0
13118	wm_lh_G_insular_short	wm_lh_G_insular_short	225	140	140	0
13119	wm_lh_G_occipital_middle	wm_lh_G_occipital_middle	180	60	180	0
13120	wm_lh_G_occipital_sup	wm_lh_G_occipital_sup	20	220	60	0
13121	wm_lh_G_oc-temp_lat-fusifor	wm_lh_G_oc-temp_lat-fusifor	60	20	140	0
13122	wm_lh_G_oc-temp_med-Lingual	wm_lh_G_oc-temp_med-Lingual	220	180	140	0
13123	wm_lh_G_oc-temp_med-Parahip	wm_lh_G_oc-temp_med-Parahip	65	100	20	0
13124	wm_lh_G_orbital	wm_lh_G_orbital	220	60	20	0
13125	wm_lh_G_pariet_inf-Angular	wm_lh_G_pariet_inf-Angular	20	60	220	0
13126	wm_lh_G_pariet_inf-Supramar	wm_lh_G_pariet_inf-Supramar	100	100	60	0
13127	wm_lh_G_parietal_sup	wm_lh_G_parietal_sup	220	180	220	0
13128	wm_lh_G_postcentral	wm_lh_G_postcentral	20	180	140	0
13129	wm_lh_G_precentral	wm_lh_G_precentral	60	140	180	0
13130	wm_lh_G_precuneus	wm_lh_G_precuneus	25	20	140	0
13131	wm_lh_G_rectus	wm_lh_G_rectus	20	60	100	0
13132	wm_lh_G_subcallosal	wm_lh_G_subcallosal	60	220	20	0
13133	wm_lh_G_temp_sup-G_T_transv	wm_lh_G_temp_sup-G_T_transv	60	60	220	0
13134	wm_lh_G_temp_sup-Lateral	wm_lh_G_temp_sup-Lateral	220	60	220	0
13135	wm_lh_G_temp_sup-Plan_polar	wm_lh_G_temp_sup-Plan_polar	65	220	60	0
13136	wm_lh_G_temp_sup-Plan_tempo	wm_lh_G_temp_sup-Plan_tempo	25	140	20	0
13137	wm_lh_G_temporal_inf	wm_lh_G_temporal_inf	220	220	100	0
13138	wm_lh_G_temporal_middle	wm_lh_G_temporal_middle	180	60	60	0
13139	wm_lh_Lat_Fis-ant-Horizont	wm_lh_Lat_Fis-ant-Horizont	61	20	220	0
13140	wm_lh_Lat_Fis-ant-Vertical	wm_lh_Lat_Fis-ant-Vertical	61	20	60	0
13141	wm_lh_Lat_Fis-post	wm_lh_Lat_Fis-post	61	60	100	0
13142	wm_lh_Medial_wall	wm_lh_Medial_wall	25	25	25	0
13143	wm_lh_Pole_occipital	wm_lh_Pole_occipital	140	20	60	0
13144	wm_lh_Pole_temporal	wm_lh_Pole_temporal	220	180	20	0
13145	wm_lh_S_calcarine	wm_lh_S_calcarine	63	180	180	0
13146	wm_lh_S_central	wm_lh_S_central	221	20	10	0
13147	wm_lh_S_cingul-Marginalis	wm_lh_S_cingul-Marginalis	221	20	100	0
13148	wm_lh_S_circular_insula_ant	wm_lh_S_circular_insula_ant	221	60	140	0
13149	wm_lh_S_circular_insula_inf	wm_lh_S_circular_insula_inf	221	20	220	0
13150	wm_lh_S_circular_insula_sup	wm_lh_S_circular_insula_sup	61	220	220	0
13151	wm_lh_S_collat_transv_ant	wm_lh_S_collat_transv_ant	100	200	200	0
13152	wm_lh_S_collat_transv_post	wm_lh_S_collat_transv_post	10	200	200	0
13153	wm_lh_S_front_inf	wm_lh_S_front_inf	221	220	20	0
13154	wm_lh_S_front_middle	wm_lh_S_front_middle	141	20	100	0
13155	wm_lh_S_front_sup	wm_lh_S_front_sup	61	220	100	0
13156	wm_lh_S_interm_prim-Jensen	wm_lh_S_interm_prim-Jensen	141	60	20	0
13157	wm_lh_S_intrapariet_and_P_trans	wm_lh_S_intrapariet_and_P_trans	143	20	220	0
13158	wm_lh_S_oc_middle_and_Lunatus	wm_lh_S_oc_middle_and_Lunatus	101	60	220	0
13159	wm_lh_S_oc_sup_and_transversal	wm_lh_S_oc_sup_and_transversal	21	20	140	0
13160	wm_lh_S_occipital_ant	wm_lh_S_occipital_ant	61	20	180	0
13161	wm_lh_S_oc-temp_lat	wm_lh_S_oc-temp_lat	221	140	20	0
13162	wm_lh_S_oc-temp_med_and_Lingual	wm_lh_S_oc-temp_med_and_Lingual	141	100	220	0
13163	wm_lh_S_orbital_lateral	wm_lh_S_orbital_lateral	221	100	20	0
13164	wm_lh_S_orbital_med-olfact	wm_lh_S_orbital_med-olfact	181	200	20	0
13165	wm_lh_S_orbital-H_Shaped	wm_lh_S_orbital-H_Shaped	101	20	20	0
13166	wm_lh_S_parieto_occipital	wm_lh_S_parieto_occipital	101	100	180	0
13167	wm_lh_S_pericallosal	wm_lh_S_pericallosal	181	220	20	0
13168	wm_lh_S_postcentral	wm_lh_S_postcentral	21	140	200	0
13169	wm_lh_S_precentral-inf-part	wm_lh_S_precentral-inf-part	21	20	240	0
13170	wm_lh_S_precentral-sup-part	wm_lh_S_precentral-sup-part	21	20	200	0
13171	wm_lh_S_suborbital	wm_lh_S_suborbital	21	20	60	0
13172	wm_lh_S_subparietal	wm_lh_S_subparietal	101	60	60	0
13173	wm_lh_S_temporal_inf	wm_lh_S_temporal_inf	21	180	180	0
13174	wm_lh_S_temporal_sup	wm_lh_S_temporal_sup	223	220	60	0
13175	wm_lh_S_temporal_transverse	wm_lh_S_temporal_transverse	221	60	60	0
14100	wm_rh_Unknown	wm_rh_Unknown	0	0	0	0
14101	wm_rh_G_and_S_frontomargin	wm_rh_G_and_S_frontomargin	23	220	60	0
14102	wm_rh_G_and_S_occipital_inf	wm_rh_G_and_S_occipital_inf	23	60	180	0
14103	wm_rh_G_and_S_paracentral	wm_rh_G_and_S_paracentral	63	100	60	0
14104	wm_rh_G_and_S_subcentral	wm_rh_G_and_S_subcentral	63	20	220	0
14105	wm_rh_G_and_S_transv_frontopol	wm_rh_G_and_S_transv_frontopol	13	0	250	0
14106	wm_rh_G_and_S_cingul-Ant	wm_rh_G_and_S_cingul-Ant	26	60	0	0
14107	wm_rh_G_and_S_cingul-Mid-Ant	wm_rh_G_and_S_cingul-Mid-Ant	26	60	75	0
14108	wm_rh_G_and_S_cingul-Mid-Post	wm_rh_G_and_S_cingul-Mid-Post	26	60	150	0
14109	wm_rh_G_cingul-Post-dorsal	wm_rh_G_cingul-Post-dorsal	25	60	250	0
14110	wm_rh_G_cingul-Post-ventral	wm_rh_G_cingul-Post-ventral	60	25	25	0
14111	wm_rh_G_cuneus	wm_rh_G_cuneus	180	20	20	0
14112	wm_rh_G_front_inf-Opercular	wm_rh_G_front_inf-Opercular	220	20	100	0
14113	wm_rh_G_front_inf-Orbital	wm_rh_G_front_inf-Orbital	140	60	60	0
14114	wm_rh_G_front_inf-Triangul	wm_rh_G_front_inf-Triangul	180	220	140	0
14115	wm_rh_G_front_middle	wm_rh_G_front_middle	140	100	180	0
14116	wm_rh_G_front_sup	wm_rh_G_front_sup	180	20	140	0
14117	wm_rh_G_Ins_lg_and_S_cent_ins	wm_rh_G_Ins_lg_and_S_cent_ins	23	10	10	0
14118	wm_rh_G_insular_short	wm_rh_G_insular_short	225	140	140	0
14119	wm_rh_G_occipital_middle	wm_rh_G_occipital_middle	180	60	180	0
14120	wm_rh_G_occipital_sup	wm_rh_G_occipital_sup	20	220	60	0
14121	wm_rh_G_oc-temp_lat-fusifor	wm_rh_G_oc-temp_lat-fusifor	60	20	140	0
14122	wm_rh_G_oc-temp_med-Lingual	wm_rh_G_oc-temp_med-Lingual	220	180	140	0
14123	wm_rh_G_oc-temp_med-Parahip	wm_rh_G_oc-temp_med-Parahip	65	100	20	0
14124	wm_rh_G_orbital	wm_rh_G_orbital	220	60	20	0
14125	wm_rh_G_pariet_inf-Angular	wm_rh_G_pariet_inf-Angular	20	60	220	0
14126	wm_rh_G_pariet_inf-Supramar	wm_rh_G_pariet_inf-Supramar	100	100	60	0
14127	wm_rh_G_parietal_sup	wm_rh_G_parietal_sup	220	180	220	0
14128	wm_rh_G_postcentral	wm_rh_G_postcentral	20	180	140	0
14129	wm_rh_G_precentral	wm_rh_G_precentral	60	140	180	0
14130	wm_rh_G_precuneus	wm_rh_G_precuneus	25	20	140	0
14131	wm_rh_G_rectus	wm_rh_G_rectus	20	60	100	0
14132	wm_rh_G_subcallosal	wm_rh_G_subcallosal	60	220	20	0
14133	wm_rh_G_temp_sup-G_T_transv	wm_rh_G_temp_sup-G_T_transv	60	60	220	0
14134	wm_rh_G_temp_sup-Lateral	wm_rh_G_temp_sup-Lateral	220	60	220	0
14135	wm_rh_G_temp_sup-Plan_polar	wm_rh_G_temp_sup-Plan_polar	65	220	60	0
14136	wm_rh_G_temp_sup-Plan_tempo	wm_rh_G_temp_sup-Plan_tempo	25	140	20	0
14137	wm_rh_G_temporal_inf	wm_rh_G_temporal_inf	220	220	100	0
14138	wm_rh_G_temporal_middle	wm_rh_G_temporal_middle	180	60	60	0
14139	wm_rh_Lat_Fis-ant-Horizont	wm_rh_Lat_Fis-ant-Horizont	61	20	220	0
14140	wm_rh_Lat_Fis-ant-Vertical	wm_rh_Lat_Fis-ant-Vertical	61	20	60	0
14141	wm_rh_Lat_Fis-post	wm_rh_Lat_Fis-post	61	60	100	0
14142	wm_rh_Medial_wall	wm_rh_Medial_wall	25	25	25	0
14143	wm_rh_Pole_occipital	wm_rh_Pole_occipital	140	20	60	0
14144	wm_rh_Pole_temporal	wm_rh_Pole_temporal	220	180	20	0
14145	wm_rh_S_calcarine	wm_rh_S_calcarine	63	180	180	0
14146	wm_rh_S_central	wm_rh_S_central	221	20	10	0
14147	wm_rh_S_cingul-Marginalis	wm_rh_S_cingul-Marginalis	221	20	100	0
14148	wm_rh_S_circular_insula_ant	wm_rh_S_circular_insula_ant	221	60	140	0
14149	wm_rh_S_circular_insula_inf	wm_rh_S_circular_insula_inf	221	20	220	0
14150	wm_rh_S_circular_insula_sup	wm_rh_S_circular_insula_sup	61	220	220	0
14151	wm_rh_S_collat_transv_ant	wm_rh_S_collat_transv_ant	100	200	200	0
14152	wm_rh_S_collat_transv_post	wm_rh_S_collat_transv_post	10	200	200	0
14153	wm_rh_S_front_inf	wm_rh_S_front_inf	221	220	20	0
14154	wm_rh_S_front_middle	wm_rh_S_front_middle	141	20	100	0
14155	wm_rh_S_front_sup	wm_rh_S_front_sup	61	220	100	0
14156	wm_rh_S_interm_prim-Jensen	wm_rh_S_interm_prim-Jensen	141	60	20	0
14157	wm_rh_S_intrapariet_and_P_trans	wm_rh_S_intrapariet_and_P_trans	143	20	220	0
14158	wm_rh_S_oc_middle_and_Lunatus	wm_rh_S_oc_middle_and_Lunatus	101	60	220	0
14159	wm_rh_S_oc_sup_and_transversal	wm_rh_S_oc_sup_and_transversal	21	20	140	0
14160	wm_rh_S_occipital_ant	wm_rh_S_occipital_ant	61	20	180	0
14161	wm_rh_S_oc-temp_lat	wm_rh_S_oc-temp_lat	221	140	20	0
14162	wm_rh_S_oc-temp_med_and_Lingual	wm_rh_S_oc-temp_med_and_Lingual	141	100	220	0
14163	wm_rh_S_orbital_lateral	wm_rh_S_orbital_lateral	221	100	20	0
14164	wm_rh_S_orbital_med-olfact	wm_rh_S_orbital_med-olfact	181	200	20	0
14165	wm_rh_S_orbital-H_Shaped	wm_rh_S_orbital-H_Shaped	101	20	20	0
14166	wm_rh_S_parieto_occipital	wm_rh_S_parieto_occipital	101	100	180	0
14167	wm_rh_S_pericallosal	wm_rh_S_pericallosal	181	220	20	0
14168	wm_rh_S_postcentral	wm_rh_S_postcentral	21	140	200	0
14169	wm_rh_S_precentral-inf-part	wm_rh_S_precentral-inf-part	21	20	240	0
14170	wm_rh_S_precentral-sup-part	wm_rh_S_precentral-sup-part	21	20	200	0
14171	wm_rh_S_suborbital	wm_rh_S_suborbital	21	20	60	0
14172	wm_rh_S_subparietal	wm_rh_S_subparietal	101	60	60	0
14173	wm_rh_S_temporal_inf	wm_rh_S_temporal_inf	21	180	180	0
14174	wm_rh_S_temporal_sup	wm_rh_S_temporal_sup	223	220	60	0
14175	wm_rh_S_temporal_transverse	wm_rh_S_temporal_transverse	221	60	60	0
